DISTRICT,PLACES,YEAR,RAPE,CHAIN SNATCHING,MOLESTATION,SEXUAL HARASSMENT,CRUELTY BY HUSBAND & RELATIVES,KIDNAPPING & ABDUCTION OF WOMEN & GIRLS,ROBBERY
VELLORE,Abdullapuram,2021,0,1,0,0,15,1,0
VELLORE,Adukkamparai,2021,0,2,2,0,3,3,1
VELLORE,Agraharam,2021,0,0,1,0,0,0,1
VELLORE,Aiyathambattu,2021,0,2,0,1,2,1,2
VELLORE,Alamelumangapuram,2021,0,0,1,1,1,2,0
VELLORE,Alanganeri,2021,0,0,2,1,0,3,5
VELLORE,Alinjikuppam,2021,0,2,0,2,3,0,1
VELLORE,Allapuram,2021,1,0,2,1,0,0,0
VELLORE,Alleri,2021,0,2,0,1,4,0,1
VELLORE,Ambalur,2021,1,1,1,0,1,1,0
VELLORE,Ammanankuppam,2021,0,0,2,1,5,2,0
VELLORE,Ammavarpalli,2021,0,0,0,1,1,0,0
VELLORE,Ammundi,2021,0,1,2,1,2,0,6
VELLORE,Anaikattu,2021,0,0,0,3,15,0,0
VELLORE,Ananganallore,2021,0,0,1,0,3,1,1
VELLORE,Ankarankuppam,2021,0,0,0,1,0,1,1
VELLORE,Annankudi,2021,0,3,0,2,2,1,2
VELLORE,Anpundi,2021,0,4,0,3,0,1,0
VELLORE,Appukal,2021,0,3,0,0,4,0,5
VELLORE,Aragaldurgam,2021,0,1,1,0,1,0,1
VELLORE,Aravatla,2021,0,0,0,0,0,0,1
VELLORE,Arimuthumottur,2021,0,0,0,1,1,0,1
VELLORE,Ariyur,2021,0,0,1,2,6,1,0
VELLORE,Arularangaiapalli,2021,0,0,0,0,2,1,1
VELLORE,Arumbakkam,2021,1,1,1,0,2,1,1
VELLORE,Arumparuthi,2021,0,0,0,0,5,2,2
VELLORE,Athikuppam,2021,0,0,0,1,5,1,0
VELLORE,Athiyur,2021,0,0,0,1,5,1,3
VELLORE,Bagayam,2021,0,3,2,1,2,0,1
VELLORE,BalakuppamGollavaripalli,2021,0,0,0,1,0,1,0
VELLORE,Balur,2021,0,0,2,0,0,1,1
VELLORE,Bapanapalli,2021,0,2,0,1,2,1,0
VELLORE,Bathalapalli,2021,0,1,0,1,0,1,2
VELLORE,Bojanapuram,2021,0,2,1,3,6,3,0
VELLORE,Bomminayakanpalayam,2021,1,1,0,0,8,0,1
VELLORE,Brahmanamangalam,2021,0,3,1,1,3,1,1
VELLORE,Bramapuram,2021,0,1,0,2,0,2,6
VELLORE,Budur,2021,0,0,1,3,3,3,0
VELLORE,Chendathur,2021,0,0,0,0,7,0,2
VELLORE,Chengundram,2021,0,0,0,0,4,0,1
VELLORE,Chettikuppam,2021,0,0,1,0,5,0,0
VELLORE,Chinnadaman Cheruvu,2021,0,1,0,1,0,1,1
VELLORE,Chinnalapalli,2021,0,0,0,1,2,1,0
VELLORE,Chinnapallikuppam,2021,0,0,2,0,1,0,1
VELLORE,Chinnathattalam,2021,0,0,0,0,6,0,1
VELLORE,Chinnavarikam,2021,0,0,2,0,0,0,2
VELLORE,Chitteri,2021,0,2,0,1,7,1,0
VELLORE,Chokkarishikuppam,2021,0,0,1,1,3,1,1
VELLORE,Cholamur,2021,0,0,0,1,0,1,2
VELLORE,Dakshinapathapalayam,2021,0,0,0,1,5,1,0
VELLORE,Danakondapali,2021,0,1,0,0,0,0,1
VELLORE,Darapadavedu,2021,0,0,1,0,2,0,0
VELLORE,Devalapuram,2021,1,0,0,0,0,0,1
VELLORE,Devarishikuppam,2021,0,0,0,0,3,0,1
VELLORE,Devichettikuppam,2021,0,3,1,1,0,1,1
VELLORE,Edayansathu,2021,0,2,0,1,2,1,0
VELLORE,Elavambadi,2021,0,2,0,1,2,1,1
VELLORE,Elayanellore,2021,0,0,0,2,4,2,1
VELLORE,Elluparai,2021,0,1,0,1,5,1,0
VELLORE,Eranthangal,2021,0,4,0,1,2,1,1
VELLORE,Erayangadu,2021,0,0,3,0,0,0,5
VELLORE,Erikuthi,2021,0,0,0,1,0,1,0
VELLORE,Erthangal,2021,0,1,0,1,0,1,0
VELLORE,Erukkampattu,2021,1,1,2,1,0,1,0
VELLORE,Erukkampattu,2021,0,0,0,1,1,1,1
VELLORE,Genganallore,2021,0,1,1,2,0,2,1
VELLORE,Gengasanikuppam,2021,0,0,1,1,0,1,0
VELLORE,Gollakuppam,2021,0,0,0,1,6,1,1
VELLORE,Gollapalli,2021,0,0,1,0,1,0,0
VELLORE,Goodanagaram,2021,0,3,0,1,4,1,3
VELLORE,Govindacheri,2021,0,0,2,1,3,1,0
VELLORE,Govindacherikuppam,2021,0,3,1,1,4,1,0
VELLORE,Gudiyatham,2021,0,0,0,1,2,1,1
VELLORE,Gugaiyanallur,2021,0,0,0,0,2,0,1
VELLORE,Gundalapalli,2021,0,0,0,0,1,0,1
VELLORE,Jabbrapet,2021,0,2,0,1,2,1,1
VELLORE,Jambukulam,2021,0,0,1,1,2,1,0
VELLORE,Jarthankollai,2021,0,1,1,1,5,1,1
VELLORE,K V Kuppam,2021,0,0,2,2,0,2,1
VELLORE,Kadhavalam,2021,1,0,2,0,5,0,0
VELLORE,Kailasagiri,2021,0,0,0,1,0,1,6
VELLORE,Kalampattu,2021,0,0,1,0,1,0,0
VELLORE,Kalanipakkam,2021,0,0,0,0,0,0,0
VELLORE,Kallankuppam,2021,0,1,3,1,0,1,1
VELLORE,Kallapadi,2021,0,0,0,0,0,0,0
VELLORE,Kammasamudram,2021,0,0,0,1,1,1,1
VELLORE,Kammavanpettai,2021,0,0,0,2,2,2,1
VELLORE,Kandaneri,2021,0,0,0,1,1,1,0
VELLORE,Kandipedu,2021,0,3,2,1,0,1,1
VELLORE,Kangayanelur,2021,0,0,0,1,5,1,2
VELLORE,Kanikkaniyan,2021,0,0,0,3,0,3,0
VELLORE,Kaniyambadi,2021,0,0,1,2,2,0,6
VELLORE,Kankuppam,2021,0,0,0,1,3,1,0
VELLORE,Karadikudi,2021,0,0,0,0,0,2,1
VELLORE,Karadikuppam,2021,0,0,0,0,1,3,1
VELLORE,Karasamangalam,2021,0,0,0,0,3,0,1
VELLORE,Karigiri,2021,0,2,0,1,0,0,1
VELLORE,Karkur,2021,1,0,0,3,0,0,0
VELLORE,Karnampattu,2021,0,0,2,0,1,1,1
VELLORE,Karugampattur,2021,0,0,0,1,0,1,1
VELLORE,Karumbur,2021,0,1,1,2,2,0,2
VELLORE,Karuneekasamudram,2021,0,0,5,3,3,1,0
VELLORE,Karunkali,2021,0,2,3,0,0,0,2
VELLORE,Kathalampattu,2021,0,1,0,0,0,1,1
VELLORE,Katharikuppam,2021,0,1,1,0,6,1,0
VELLORE,Katpadi,2021,1,1,0,1,20,2,1
VELLORE,Kattarampakkam,2021,0,0,0,1,0,1,0
VELLORE,Kattuputhur,2021,0,1,0,0,12,0,1
VELLORE,Kavanur,2021,0,0,1,1,0,0,1
VELLORE,Kavasampattu,2021,0,2,0,2,0,0,2
VELLORE,Keeraisathu,2021,0,0,1,3,1,1,2
VELLORE,Kesavanakuppam,2021,0,1,0,0,0,3,2
VELLORE,Kil Arasampattu,2021,0,0,2,0,2,0,1
VELLORE,Kilachur,2021,0,0,0,0,0,1,0
VELLORE,Kilalathur,2021,0,0,1,1,0,2,1
VELLORE,Kilkothur,2021,0,1,1,1,2,3,0
VELLORE,Kilkrishnapuram,2021,0,0,0,0,0,0,3
VELLORE,Kilmanavur,2021,0,0,1,1,5,0,1
VELLORE,Kilmuttukur,2021,0,3,0,0,4,0,2
VELLORE,Kilpallipattu,2021,0,0,0,1,0,1,0
VELLORE,Kilpatti,2021,0,3,0,1,0,1,1
VELLORE,Kilvaithinankuppam,2021,0,2,0,0,13,0,1
VELLORE,Kilvallam,2021,0,0,1,0,0,0,2
VELLORE,Kodakkal,2021,0,2,0,0,6,0,2
VELLORE,Kolatheri,2021,0,0,2,1,0,1,0
VELLORE,Komeswaram,2021,0,0,0,1,8,1,1
VELLORE,Konavattam,2021,0,0,0,0,0,0,2
VELLORE,Kondamanaidupalayam,2021,0,0,2,1,9,1,0
VELLORE,Kondasamudram,2021,0,0,0,0,1,0,2
VELLORE,Kosavanpudur,2021,0,1,2,0,2,0,0
VELLORE,Kothakkuppam,2021,1,0,1,1,2,1,1
VELLORE,Kothamangalam,2021,0,2,0,0,1,0,1
VELLORE,Kothapalli,2021,0,0,0,2,0,2,0
VELLORE,Kothur,2021,1,0,0,0,6,0,1
VELLORE,Kulathamedu,2021,0,0,1,0,0,0,9
VELLORE,Kulidikai,2021,0,0,1,0,4,0,2
VELLORE,Kumalan kuttai,2021,0,0,1,1,0,1,0
VELLORE,Kumaramangalam,2021,0,2,1,1,5,1,1
VELLORE,Kuppam,2021,1,0,0,1,3,1,1
VELLORE,Kuppathamottur,2021,0,0,2,1,4,1,6
VELLORE,Latheri,2021,0,0,1,0,5,0,1
VELLORE,Machampattu,2021,0,2,0,0,0,0,0
VELLORE,Machanur,2021,0,1,0,0,2,0,1
VELLORE,Madandakuppam,2021,1,0,1,0,0,0,1
VELLORE,Madayapattu,2021,0,2,0,1,0,1,2
VELLORE,Mahammadapuram,2021,0,0,1,1,2,1,3
VELLORE,Mahimandalam,2021,1,2,3,1,0,1,1
VELLORE,Mailpatti,2021,0,0,0,2,2,2,1
VELLORE,Malayampattu,2021,0,2,2,1,3,1,0
VELLORE,Maliyapattu,2021,0,1,1,1,0,1,1
VELLORE,Marudalam,2021,0,1,1,0,0,0,0
VELLORE,Maruthavallipalayam,2021,0,0,2,1,1,1,3
VELLORE,Masigam,2021,0,1,1,1,0,1,0
VELLORE,Mel Vallam,2021,0,0,0,0,0,0,0
VELLORE,Melalathur,2021,0,1,1,1,0,1,2
VELLORE,Melarasampattu,2021,0,0,1,0,3,0,0
VELLORE,Melmanavur,2021,0,0,0,0,4,0,1
VELLORE,Melmoil,2021,0,0,1,1,6,1,6
VELLORE,Melpadi,2021,0,0,0,2,1,2,2
VELLORE,Melshanankuppam,2021,0,0,0,3,0,3,0
VELLORE,Melumuttukur,2021,0,0,1,0,0,0,2
VELLORE,Melvaithinankuppam,2021,0,1,0,0,0,0,1
VELLORE,Melveeranam,2021,0,0,1,0,0,0,1
VELLORE,Mettukulam,2021,0,0,1,1,1,1,4
VELLORE,Mittalam,2021,0,0,1,3,0,3,0
VELLORE,Modhagapalli,2021,0,0,0,0,1,0,1
VELLORE,Modikuppam,2021,0,2,0,1,2,1,1
VELLORE,Moongapattu,2021,0,0,3,2,0,2,2
VELLORE,Morasappalli,2021,0,1,0,3,2,3,0
VELLORE,Mordana,2021,0,1,0,0,0,0,6
VELLORE,Mothakkal,2021,0,0,1,0,2,0,1
VELLORE,Mottupalayam,2021,0,1,1,0,1,0,0
VELLORE,Mudinampattu,2021,0,0,0,1,1,1,1
VELLORE,Mukkundram,2021,0,1,0,2,0,2,0
VELLORE,Mulluvadi,2021,0,0,2,0,1,0,1
VELLORE,Munjurpattu,2021,0,0,3,0,0,0,1
VELLORE,Murukkampattu,2021,0,0,4,0,5,0,2
VELLORE,Murukkeri,2021,0,0,0,1,0,1,0
VELLORE,Mutharasikuppam,2021,0,0,0,1,0,1,4
VELLORE,Nagal,2021,0,1,0,1,0,1,1
VELLORE,Nanjukondapuram,2021,0,0,1,1,0,1,0
VELLORE,Nariambattu,2021,0,0,0,0,0,0,1
VELLORE,Nellorepettai,2021,0,1,1,0,0,0,0
VELLORE,Nelvoy,2021,0,0,0,0,1,0,1
VELLORE,Nemandapuram,2021,0,0,2,0,0,0,1
VELLORE,Netteri,2021,0,1,0,1,0,1,2
VELLORE,Oddapalayam,2021,0,0,0,1,0,1,0
VELLORE,Odiyathur,2021,0,0,0,1,0,1,3
VELLORE,Odugathur,2021,0,0,0,2,0,2,1
VELLORE,Okkanapuram,2021,0,0,0,1,2,1,0
VELLORE,Olakasi,2021,1,2,0,1,0,1,1
VELLORE,Ongapadi,2021,0,0,2,0,4,0,0
VELLORE,Otteri,2021,0,1,0,1,0,1,0
VELLORE,Ozhughur,2021,0,0,2,1,1,1,0
VELLORE,Pakkam,2021,0,0,2,1,0,1,0
VELLORE,Palamadai,2021,0,2,0,1,2,1,8
VELLORE,Palampakkam,2021,0,0,1,3,5,3,0
VELLORE,Palampattu,2021,0,0,0,0,0,0,1
VELLORE,Palathuvannan,2021,0,0,0,1,3,1,1
VELLORE,Palavansathu,2021,0,0,0,2,3,2,2
VELLORE,Pallalakuppam,2021,0,0,0,3,0,3,0
VELLORE,Pallikonda,2021,0,3,0,0,6,0,2
VELLORE,Panamadangi,2021,0,0,0,0,1,0,1
VELLORE,Pandiyanellore,2021,0,1,1,0,0,0,0
VELLORE,Paradarami,2021,0,0,0,1,10,1,4
VELLORE,Paramasathu,2021,0,2,1,1,0,1,0
VELLORE,Parasanapalli,2021,0,0,2,0,1,0,1
VELLORE,Paravakkal,2021,0,0,0,0,0,0,1
VELLORE,Pasumathur,2021,0,0,0,0,3,0,2
VELLORE,Pattu,2021,0,0,1,1,3,1,0
VELLORE,Pazhayakrishnapuram,2021,0,2,1,1,2,1,6
VELLORE,Peenjamandai,2021,0,0,0,1,0,1,1
VELLORE,Pennathur,2021,0,0,0,1,0,1,0
VELLORE,Periaparai,2021,0,0,0,0,0,0,1
VELLORE,Periavarigam,2021,0,1,0,0,1,0,0
VELLORE,Pernambut,2021,0,0,1,1,0,0,2
VELLORE,Perumalkuppam,2021,0,0,0,0,0,0,0
VELLORE,Perumbadi,2021,1,0,0,1,2,1,1
VELLORE,Perumugai,2021,0,0,0,2,5,1,1
VELLORE,Pillanthipattu,2021,0,2,0,1,12,1,0
VELLORE,Pinnanthurai,2021,0,1,1,1,3,2,1
VELLORE,Pogalur,2021,0,0,0,1,10,1,2
VELLORE,Poigai,2021,1,0,0,3,0,1,0
VELLORE,Ponnai,2021,0,0,0,0,8,0,1
VELLORE,Ponnappanthangal,2021,0,1,0,1,0,1,7
VELLORE,Pudukuppam,2021,0,0,1,2,0,1,2
VELLORE,Pulimedu,2021,0,0,0,3,10,1,1
VELLORE,Pulivalam,2021,0,3,0,0,3,1,2
VELLORE,Puthur,2021,0,0,0,0,0,2,2
VELLORE,Puthur,2021,0,0,3,0,1,1,0
VELLORE,Puttavaraipalli,2021,0,2,0,1,0,1,1
VELLORE,Rajakkal,2021,0,0,0,1,2,0,0
VELLORE,Rajakuppam,2021,0,0,0,0,2,1,1
VELLORE,Ramalai,2021,0,0,0,1,0,1,3
VELLORE,Rendadi,2021,0,0,0,0,0,1,2
VELLORE,Sadupperi,2021,0,0,2,1,5,1,0
VELLORE,Sankaranpalayam,2021,0,2,1,2,1,1,0
VELLORE,Sathambakkam,2021,0,1,0,1,0,0,1
VELLORE,Sathiyamangalam,2021,0,0,0,2,0,0,1
VELLORE,Sathkar,2021,0,2,0,0,1,1,0
VELLORE,Sathumadurai,2021,0,0,1,1,2,1,0
VELLORE,Sathupalaiyam,2021,0,1,0,1,4,1,0
VELLORE,Sathuvachari,2021,0,0,0,1,1,2,4
VELLORE,Seduvalai,2021,0,1,0,1,0,0,1
VELLORE,Seevur,2021,0,0,0,2,2,1,1
VELLORE,Sekkadikuppam,2021,0,0,2,1,3,0,0
VELLORE,Sekkanur,2021,0,1,0,1,3,0,1
VELLORE,Selamanatham,2021,0,0,3,0,0,1,0
VELLORE,Sembarayanallore,2021,0,0,0,1,4,0,0
VELLORE,Sembedu,2021,0,1,0,1,0,1,0
VELLORE,Sembedu,2021,0,1,2,1,0,2,0
VELLORE,Sempali,2021,0,0,0,1,1,1,1
VELLORE,Sengalnatham,2021,0,0,0,0,1,1,1
VELLORE,Senji,2021,0,2,0,0,0,1,9
VELLORE,Sennankuppam,2021,0,1,1,1,9,3,1
VELLORE,Senur,2021,0,0,0,1,0,0,0
VELLORE,Serkadu,2021,0,0,1,1,8,1,1
VELLORE,Serpadi,2021,0,0,0,2,8,2,1
VELLORE,Seruvangi,2021,0,0,0,0,3,3,0
VELLORE,Sethuvandai,2021,0,0,0,1,0,0,1
VELLORE,Sevur,2021,0,0,0,0,2,0,0
VELLORE,Shenpakkam,2021,0,1,0,0,0,0,0
VELLORE,Sholavaram,2021,0,0,3,1,0,1,2
VELLORE,Sholinghur,2021,0,0,0,0,4,1,1
VELLORE,Singalpadi,2021,0,2,0,0,0,0,1
VELLORE,Sirukanchi,2021,0,0,0,0,0,1,1
VELLORE,Somasamudram,2021,0,0,2,1,0,0,2
VELLORE,Sripuram,2021,0,1,0,1,0,0,3
VELLORE,Tandalakrishnapuram,2021,0,1,0,3,3,1,0
VELLORE,Thagarakuppam,2021,0,0,1,0,0,1,1
VELLORE,Thalaiyatham,2021,0,0,0,1,2,2,1
VELLORE,Thalangai,2021,0,2,0,2,2,1,2
VELLORE,Thandalamkrishnapuram,2021,0,0,0,3,0,0,0
VELLORE,Thattaparai,2021,0,0,0,0,2,0,2
VELLORE,Thattimanapalli,2021,0,0,2,0,0,0,1
VELLORE,Thellur,2021,0,0,1,0,7,1,0
VELLORE,Thengal,2021,0,2,0,1,0,3,3
VELLORE,Thennambattu,2021,0,0,0,1,1,0,0
VELLORE,Thenpalli,2021,0,0,0,0,0,7,1
VELLORE,Thirumani,2021,0,0,0,0,2,2,1
VELLORE,Thondanthulasi,2021,0,0,0,0,5,3,2
VELLORE,Thorapadi,2021,0,0,0,1,0,0,0
VELLORE,Thottithoraimottur,2021,0,0,1,1,0,0,1
VELLORE,Thuthipattu,2021,0,0,2,0,3,0,2
VELLORE,Thuttikadu,2021,0,1,0,1,0,1,0
VELLORE,Thuttipattu,2021,0,0,1,0,6,1,5
VELLORE,Tippasamudram,2021,0,0,1,0,1,0,0
VELLORE,Ulli,2021,0,1,0,1,0,0,1
VELLORE,Umayampattu,2021,0,0,0,0,10,0,1
VELLORE,Unai,2021,0,0,0,2,0,1,0
VELLORE,Unai Vaniyambadi,2021,0,0,2,0,1,1,1
VELLORE,Usur,2021,0,9,1,0,0,0,1
VELLORE,Vadacheri,2021,0,0,0,0,3,1,2
VELLORE,Vadakadappauthangal,2021,1,0,0,1,3,10,0
VELLORE,Vadakarai,2021,0,0,1,1,0,0,1
VELLORE,Vaduganthangal,2021,0,2,0,1,1,1,2
VELLORE,Valathur,2021,4,0,5,1,3,0,0
VELLORE,Vallam,2021,0,0,3,0,0,2,1
VELLORE,Vallandaraman,2021,1,0,0,0,7,0,0
VELLORE,Vallimalai,2021,0,0,0,0,3,0,1
VELLORE,Vandaranthangal,2021,0,0,0,0,3,0,4
VELLORE,Vanghur,2021,0,1,0,1,7,1,2
VELLORE,Vanjur,2021,0,0,0,1,1,1,0
VELLORE,Vannanthangal,2021,0,0,1,1,0,1,1
VELLORE,Varadalampattu,2021,0,0,2,2,2,1,1
VELLORE,Varadalampattu,2021,0,2,2,0,4,0,0
VELLORE,Varadhareddipalli,2021,0,0,0,0,0,0,1
VELLORE,Vasanthanadal,2021,1,0,0,1,4,0,1
VELLORE,Veerankuppam,2021,0,1,0,2,0,0,2
VELLORE,Veerichettipalli,2021,3,3,3,3,0,9,0
VELLORE,Velam,2021,0,0,0,0,1,1,2
VELLORE,Velampattu,2021,0,0,0,0,1,10,0
VELLORE,Velapadi,2021,0,0,1,1,2,2,3
VELLORE,Vellore,2021,5,1,1,0,20,2,1
VELLORE,Vellore north,2021,0,0,0,1,2,1,0
VELLORE,Vellore old bus stand,2021,2,1,2,2,0,1,1
VELLORE,Vellore south,2021,0,2,0,1,0,1,0
VELLORE,Vellore town,2021,3,0,0,1,8,0,0
VELLORE,Vengatasamudram,2021,0,0,1,1,0,1,1
VELLORE,Venkatapuram,2021,9,0,0,0,1,10,1
VELLORE,Venkatapuram  (Mel),2021,0,0,1,1,8,0,0
VELLORE,Veppalai,2021,1,1,0,1,4,1,2
VELLORE,Veppampattu,2021,3,0,0,0,0,0,2
VELLORE,Veppanganeri,2021,0,0,0,1,2,0,2
VELLORE,Veppur,2021,0,0,0,1,3,1,1
VELLORE,Vettuvanam,2021,1,0,0,3,0,2,0
VELLORE,Viludonapaliam,2021,1,1,1,0,5,3,1
VELLORE,Vilundakkal,2021,0,2,0,1,1,0,1
VELLORE,Vinnampalli,2021,2,0,0,2,7,0,2
VELLORE,Virinchipuram,2021,1,0,1,3,1,0,3
VELLORE,Virudampattu,2021,0,0,2,0,1,1,2
VELLORE,Virupakshipuram,2021,1,1,1,0,0,1,1
VELLORE,Abdullapuram,2022,0,1,2,3,1,1,0
VELLORE,Adukkamparai,2022,2,0,1,2,2,3,0
VELLORE,Agraharam,2022,0,1,1,0,0,1,0
VELLORE,Aiyathambattu,2022,0,1,2,1,1,0,1
VELLORE,Alamelumangapuram,2022,1,2,4,3,5,1,1
VELLORE,Alanganeri,2022,2,0,1,1,3,0,1
VELLORE,Alinjikuppam,2022,0,1,2,0,0,3,2
VELLORE,Allapuram,2022,0,1,0,1,1,0,1
VELLORE,Alleri,2022,3,0,2,2,0,0,1
VELLORE,Ambalur,2022,2,1,1,0,1,7,0
VELLORE,Ammanankuppam,2022,0,0,1,1,3,3,1
VELLORE,Ammavarpalli,2022,0,1,1,3,2,1,1
VELLORE,Ammundi,2022,0,1,1,1,0,3,1
VELLORE,Anaikattu,2022,0,2,0,0,1,2,3
VELLORE,Ananganallore,2022,0,0,2,1,3,0,0
VELLORE,Ankarankuppam,2022,0,1,3,0,1,1,1
VELLORE,Annankudi,2022,2,1,1,3,0,3,2
VELLORE,Anpundi,2022,0,0,2,2,0,1,3
VELLORE,Appukal,2022,0,1,1,0,1,0,0
VELLORE,Aragaldurgam,2022,1,0,2,1,3,3,0
VELLORE,Aravatla,2022,2,1,0,3,2,2,0
VELLORE,Arimuthumottur,2022,0,1,2,1,0,0,1
VELLORE,Ariyur,2022,1,2,1,0,1,1,2
VELLORE,Arularangaiapalli,2022,3,0,1,1,3,3,0
VELLORE,Arumbakkam,2022,2,1,1,0,1,1,0
VELLORE,Arumparuthi,2022,0,1,1,3,0,0,0
VELLORE,Athikuppam,2022,0,0,0,2,0,1,1
VELLORE,Athiyur,2022,0,1,2,0,0,0,1
VELLORE,Bagayam,2022,0,0,2,5,1,3,1
VELLORE,BalakuppamGollavaripalli,2022,0,0,1,3,2,2,1
VELLORE,Balur,2022,0,0,2,1,1,0,0
VELLORE,Bapanapalli,2022,0,0,1,0,2,0,1
VELLORE,Bathalapalli,2022,0,2,1,3,1,3,1
VELLORE,Bojanapuram,2022,2,0,1,2,2,2,3
VELLORE,Bomminayakanpalayam,2022,0,1,1,0,0,0,0
VELLORE,Brahmanamangalam,2022,0,1,2,1,1,1,1
VELLORE,Bramapuram,2022,1,2,4,3,5,3,2
VELLORE,Budur,2022,2,0,1,1,3,1,3
VELLORE,Chendathur,2022,0,2,2,0,0,0,0
VELLORE,Chengundram,2022,1,1,0,3,1,3,0
VELLORE,Chettikuppam,2022,3,0,2,2,0,2,0
VELLORE,Chinnadaman Cheruvu,2022,2,1,1,0,1,0,1
VELLORE,Chinnalapalli,2022,0,0,1,1,3,1,1
VELLORE,Chinnapallikuppam,2022,0,1,1,3,2,3,0
VELLORE,Chinnathattalam,2022,0,1,1,1,0,1,0
VELLORE,Chinnavarikam,2022,0,2,0,0,1,0,0
VELLORE,Chitteri,2022,0,0,1,1,3,1,1
VELLORE,Chokkarishikuppam,2022,0,1,3,0,1,0,1
VELLORE,Cholamur,2022,2,1,1,3,0,3,1
VELLORE,Dakshinapathapalayam,2022,0,0,2,2,0,2,1
VELLORE,Danakondapali,2022,0,1,1,0,1,0,0
VELLORE,Darapadavedu,2022,1,0,2,1,3,1,0
VELLORE,Devalapuram,2022,2,1,0,2,2,2,0
VELLORE,Devarishikuppam,2022,0,1,2,1,0,1,0
VELLORE,Devichettikuppam,2022,1,1,1,0,1,0,1
VELLORE,Edayansathu,2022,3,0,1,1,3,1,1
VELLORE,Elavambadi,2022,2,1,1,0,1,0,1
VELLORE,Elayanellore,2022,0,1,1,3,0,3,2
VELLORE,Elluparai,2022,0,0,0,2,0,2,1
VELLORE,Eranthangal,2022,0,1,2,0,0,0,1
VELLORE,Erayangadu,2022,0,0,2,1,1,1,0
VELLORE,Erikuthi,2022,0,0,1,3,2,3,1
VELLORE,Erthangal,2022,0,0,2,1,1,1,1
VELLORE,Erukkampattu,2022,0,0,1,0,2,0,1
VELLORE,Erukkampattu,2022,2,1,1,0,1,0,1
VELLORE,Genganallore,2022,0,1,1,3,0,3,2
VELLORE,Gengasanikuppam,2022,0,0,0,2,0,2,1
VELLORE,Gollakuppam,2022,0,1,2,0,0,0,1
VELLORE,Gollapalli,2022,0,0,2,1,1,1,0
VELLORE,Goodanagaram,2022,0,0,1,3,2,3,1
VELLORE,Govindacheri,2022,0,0,2,1,1,1,1
VELLORE,Govindacherikuppam,2022,0,0,1,0,2,0,1
VELLORE,Gudiyatham,2022,1,1,0,1,1,1,1
VELLORE,Gugaiyanallur,2022,2,1,0,2,2,2,0
VELLORE,Gundalapalli,2022,0,1,2,1,0,1,0
VELLORE,Jabbrapet,2022,1,1,1,0,1,0,1
VELLORE,Jambukulam,2022,3,0,1,1,3,1,1
VELLORE,Jarthankollai,2022,2,1,1,0,1,0,1
VELLORE,K V Kuppam,2022,0,1,1,3,0,3,2
VELLORE,Kadhavalam,2022,0,0,0,2,1,2,0
VELLORE,Kailasagiri,2022,1,1,2,0,0,0,1
VELLORE,Kalampattu,2022,0,0,2,1,1,1,0
VELLORE,Kalanipakkam,2022,0,0,1,3,2,3,0
VELLORE,Kallankuppam,2022,1,1,2,2,1,2,1
VELLORE,Kallapadi,2022,0,0,1,0,2,0,0
VELLORE,Kammasamudram,2022,2,1,2,1,1,1,1
VELLORE,Kammavanpettai,2022,0,1,1,3,0,3,2
VELLORE,Kandaneri,2022,0,0,0,0,0,0,1
VELLORE,Kandipedu,2022,0,1,1,0,2,0,1
VELLORE,Kangayanelur,2022,0,2,2,3,1,3,1
VELLORE,Kanikkaniyan,2022,2,0,1,2,2,2,3
VELLORE,Kaniyambadi,2022,0,1,1,0,0,3,2
VELLORE,Kankuppam,2022,0,1,2,1,1,2,1
VELLORE,Karadikudi,2022,1,2,4,3,5,0,0
VELLORE,Karadikuppam,2022,0,1,1,1,3,1,0
VELLORE,Karasamangalam,2022,0,2,2,0,0,1,0
VELLORE,Karigiri,2022,1,1,0,3,1,1,1
VELLORE,Karkur,2022,1,0,2,2,0,2,3
VELLORE,Karnampattu,2022,2,1,1,0,1,0,0
VELLORE,Karugampattur,2022,0,0,1,1,3,1,1
VELLORE,Karumbur,2022,0,1,1,3,2,3,2
VELLORE,Karuneekasamudram,2022,0,1,1,1,0,1,3
VELLORE,Karunkali,2022,0,2,0,0,1,0,0
VELLORE,Kathalampattu,2022,0,0,1,2,3,3,0
VELLORE,Katharikuppam,2022,0,1,3,0,1,2,0
VELLORE,Katpadi,2022,4,1,1,3,0,1,1
VELLORE,Kattarampakkam,2022,0,0,2,2,0,1,1
VELLORE,Kattuputhur,2022,0,1,1,0,1,0,0
VELLORE,Kavanur,2022,1,1,2,1,3,1,1
VELLORE,Kavasampattu,2022,2,1,0,1,2,3,2
VELLORE,Keeraisathu,2022,0,1,0,1,0,1,3
VELLORE,Kesavanakuppam,2022,2,0,1,2,2,0,0
VELLORE,Kil Arasampattu,2022,0,1,1,0,0,3,0
VELLORE,Kilachur,2022,0,1,2,1,1,2,0
VELLORE,Kilalathur,2022,1,2,1,3,5,0,1
VELLORE,Kilkothur,2022,0,0,1,1,3,1,1
VELLORE,Kilkrishnapuram,2022,0,2,2,0,0,3,0
VELLORE,Kilmanavur,2022,1,1,0,3,1,1,1
VELLORE,Kilmuttukur,2022,3,0,2,2,0,0,0
VELLORE,Kilpallipattu,2022,2,1,1,1,1,2,1
VELLORE,Kilpatti,2022,0,0,2,1,3,0,1
VELLORE,Kilvaithinankuppam,2022,0,1,1,3,0,3,0
VELLORE,Kilvallam,2022,0,1,1,1,0,1,0
VELLORE,Kodakkal,2022,0,2,0,1,1,1,0
VELLORE,Kolatheri,2022,0,0,1,1,1,1,1
VELLORE,Komeswaram,2022,0,1,3,1,1,1,1
VELLORE,Konavattam,2022,1,2,1,0,0,0,0
VELLORE,Kondamanaidupalayam,2022,0,0,0,2,1,2,1
VELLORE,Kondasamudram,2022,0,1,1,0,1,0,0
VELLORE,Kosavanpudur,2022,1,0,2,1,3,1,0
VELLORE,Kothakkuppam,2022,0,1,0,2,2,2,1
VELLORE,Kothamangalam,2022,0,1,2,2,0,2,0
VELLORE,Kothapalli,2022,0,0,1,1,3,1,2
VELLORE,Kothur,2022,0,1,1,3,2,3,0
VELLORE,Kulathamedu,2022,0,1,1,1,0,1,0
VELLORE,Kulidikai,2022,0,2,0,0,1,0,0
VELLORE,Kumalan kuttai,2022,0,0,2,1,3,1,1
VELLORE,Kumaramangalam,2022,0,1,3,0,1,0,1
VELLORE,Kuppam,2022,2,1,1,3,0,3,1
VELLORE,Kuppathamottur,2022,0,0,2,2,0,2,1
VELLORE,Latheri,2022,0,1,1,0,1,0,0
VELLORE,Machampattu,2022,1,0,2,1,3,1,0
VELLORE,Machanur,2022,2,1,0,3,2,3,0
VELLORE,Madandakuppam,2022,0,1,2,1,0,1,0
VELLORE,Madayapattu,2022,1,2,0,0,1,0,1
VELLORE,Mahammadapuram,2022,3,0,1,1,3,1,1
VELLORE,Mahimandalam,2022,2,1,0,0,1,0,1
VELLORE,Mailpatti,2022,0,1,1,3,0,3,2
VELLORE,Malayampattu,2022,0,0,0,2,0,2,1
VELLORE,Maliyapattu,2022,0,1,2,0,0,0,1
VELLORE,Marudalam,2022,0,0,2,2,1,2,0
VELLORE,Maruthavallipalayam,2022,0,0,1,3,1,3,1
VELLORE,Masigam,2022,1,0,2,1,1,1,1
VELLORE,Mel Vallam,2022,0,0,1,0,2,0,0
VELLORE,Melalathur,2022,0,2,1,3,1,3,1
VELLORE,Melarasampattu,2022,0,0,0,2,2,2,0
VELLORE,Melmanavur,2022,1,1,1,0,0,0,0
VELLORE,Melmoil,2022,0,1,2,1,1,1,1
VELLORE,Melpadi,2022,1,2,4,3,2,3,2
VELLORE,Melshanankuppam,2022,1,0,1,1,1,1,3
VELLORE,Melumuttukur,2022,0,2,2,0,0,0,0
VELLORE,Melvaithinankuppam,2022,1,1,0,3,1,3,0
VELLORE,Melveeranam,2022,0,1,2,2,0,2,0
VELLORE,Mettukulam,2022,0,1,2,3,1,3,1
VELLORE,Mittalam,2022,2,0,1,2,2,2,3
VELLORE,Modhagapalli,2022,0,1,1,0,0,0,0
VELLORE,Modikuppam,2022,0,1,2,1,1,1,1
VELLORE,Moongapattu,2022,1,2,4,3,5,3,2
VELLORE,Morasappalli,2022,2,0,1,1,3,1,3
VELLORE,Mordana,2022,0,1,2,0,0,0,0
VELLORE,Mothakkal,2022,1,1,0,3,1,3,0
VELLORE,Mottupalayam,2022,3,0,2,2,0,2,0
VELLORE,Mudinampattu,2022,2,1,1,0,1,0,1
VELLORE,Mukkundram,2022,0,0,1,1,3,1,2
VELLORE,Mulluvadi,2022,0,1,1,3,2,3,0
VELLORE,Munjurpattu,2022,0,1,1,1,0,1,0
VELLORE,Murukkampattu,2022,0,2,0,0,1,0,0
VELLORE,Murukkeri,2022,0,0,2,1,3,1,1
VELLORE,Mutharasikuppam,2022,0,1,3,0,1,0,1
VELLORE,Nagal,2022,2,1,1,3,0,3,1
VELLORE,Nanjukondapuram,2022,0,0,2,2,0,2,1
VELLORE,Nariambattu,2022,0,1,1,0,1,0,0
VELLORE,Nellorepettai,2022,1,0,2,1,3,1,0
VELLORE,Nelvoy,2022,2,1,0,3,2,3,0
VELLORE,Nemandapuram,2022,0,1,2,1,0,1,0
VELLORE,Netteri,2022,1,2,1,0,1,0,1
VELLORE,Oddapalayam,2022,3,0,1,1,3,1,1
VELLORE,Odiyathur,2022,2,1,1,0,1,0,1
VELLORE,Odugathur,2022,0,1,1,3,0,3,2
VELLORE,Okkanapuram,2022,0,0,0,2,0,2,1
VELLORE,Olakasi,2022,0,1,2,0,0,0,1
VELLORE,Ongapadi,2022,0,0,2,7,1,7,0
VELLORE,Otteri,2022,0,0,1,3,2,3,1
VELLORE,Ozhughur,2022,0,0,2,1,1,1,1
VELLORE,Pakkam,2022,0,0,1,0,2,0,1
VELLORE,Palamadai,2022,0,2,1,3,1,3,1
VELLORE,Palampakkam,2022,2,0,1,2,2,2,3
VELLORE,Palampattu,2022,0,1,1,0,0,0,0
VELLORE,Palathuvannan,2022,0,1,2,1,1,1,1
VELLORE,Palavansathu,2022,1,2,4,3,5,3,2
VELLORE,Pallalakuppam,2022,2,0,1,1,3,1,3
VELLORE,Pallikonda,2022,0,2,2,0,0,0,0
VELLORE,Panamadangi,2022,1,1,0,3,1,3,0
VELLORE,Pandiyanellore,2022,3,0,2,2,0,2,0
VELLORE,Paradarami,2022,2,1,1,0,1,0,1
VELLORE,Paramasathu,2022,0,0,1,1,3,1,1
VELLORE,Parasanapalli,2022,0,1,1,3,2,3,0
VELLORE,Paravakkal,2022,0,1,1,1,0,1,0
VELLORE,Pasumathur,2022,0,2,0,0,1,0,0
VELLORE,Pattu,2022,0,0,1,1,3,1,1
VELLORE,Pazhayakrishnapuram,2022,0,1,3,0,1,0,1
VELLORE,Peenjamandai,2022,2,1,1,3,0,3,1
VELLORE,Pennathur,2022,0,0,2,2,0,2,1
VELLORE,Periaparai,2022,0,1,1,0,1,0,0
VELLORE,Periavarigam,2022,1,0,2,1,3,1,0
VELLORE,Pernambut,2022,2,1,0,2,2,2,1
VELLORE,Perumalkuppam,2022,0,1,2,1,0,0,0
VELLORE,Perumbadi,2022,1,1,1,0,1,1,1
VELLORE,Perumugai,2022,3,0,1,1,3,3,2
VELLORE,Pillanthipattu,2022,2,1,1,0,1,0,1
VELLORE,Pinnanthurai,2022,0,1,1,3,0,0,1
VELLORE,Pogalur,2022,0,0,0,2,0,3,1
VELLORE,Poigai,2022,0,1,2,0,0,2,3
VELLORE,Ponnai,2022,0,0,2,1,1,0,0
VELLORE,Ponnappanthangal,2022,0,0,1,3,2,1,1
VELLORE,Pudukuppam,2022,0,0,2,1,1,3,2
VELLORE,Pulimedu,2022,0,0,1,0,2,1,3
VELLORE,Pulivalam,2022,2,1,1,0,1,0,0
VELLORE,Puthur,2022,0,1,1,3,0,3,0
VELLORE,Puthur,2022,0,0,0,2,0,2,0
VELLORE,Puttavaraipalli,2022,0,1,2,0,0,0,1
VELLORE,Rajakkal,2022,0,0,2,1,1,1,1
VELLORE,Rajakuppam,2022,0,0,1,3,2,3,0
VELLORE,Ramalai,2022,0,0,2,1,1,1,1
VELLORE,Rendadi,2022,0,0,1,0,2,0,0
VELLORE,Sadupperi,2022,1,1,0,1,1,2,1
VELLORE,Sankaranpalayam,2022,0,2,1,4,3,1,0
VELLORE,Sathambakkam,2022,2,1,0,2,2,0,1
VELLORE,Sathiyamangalam,2022,0,1,2,1,0,3,2
VELLORE,Sathkar,2022,1,1,1,0,1,1,0
VELLORE,Sathumadurai,2022,3,0,1,1,3,3,1
VELLORE,Sathupalaiyam,2022,2,1,1,0,1,1,1
VELLORE,Sathuvachari,2022,0,1,1,3,0,0,1
VELLORE,Seduvalai,2022,0,0,0,2,1,0,1
VELLORE,Seevur,2022,1,1,2,0,0,3,2
VELLORE,Sekkadikuppam,2022,0,0,2,1,1,2,1
VELLORE,Sekkanur,2022,0,0,1,3,2,0,1
VELLORE,Selamanatham,2022,1,1,2,2,1,1,0
VELLORE,Sembarayanallore,2022,0,0,1,0,2,3,1
VELLORE,Sembedu,2022,2,1,2,1,1,1,1
VELLORE,Sembedu,2022,0,1,1,3,0,0,1
VELLORE,Sempali,2022,0,0,0,0,0,1,1
VELLORE,Sengalnatham,2022,0,1,1,0,2,2,0
VELLORE,Senji,2022,0,2,2,3,1,1,0
VELLORE,Sennankuppam,2022,2,0,1,2,2,0,1
VELLORE,Senur,2022,0,1,1,0,0,1,1
VELLORE,Serkadu,2022,0,1,2,1,1,0,1
VELLORE,Serpadi,2022,1,2,4,3,5,3,2
VELLORE,Seruvangi,2022,0,1,1,1,3,2,0
VELLORE,Sethuvandai,2022,0,2,2,0,0,0,1
VELLORE,Sevur,2022,1,1,0,3,1,1,0
VELLORE,Shenpakkam,2022,1,0,2,2,0,3,0
VELLORE,Sholavaram,2022,2,1,1,0,1,2,1
VELLORE,Sholinghur,2022,0,0,1,1,3,0,0
VELLORE,Singalpadi,2022,0,1,1,3,2,1,0
VELLORE,Sirukanchi,2022,0,1,1,1,0,10,0
VELLORE,Somasamudram,2022,0,2,0,0,1,1,1
VELLORE,Sripuram,2022,0,1,1,2,1,2,1
VELLORE,Tandalakrishnapuram,2022,0,0,1,2,3,2,3
VELLORE,Thagarakuppam,2022,0,1,3,0,1,0,0
VELLORE,Thalaiyatham,2022,4,1,1,3,0,1,1
VELLORE,Thalangai,2022,0,0,2,2,0,3,2
VELLORE,Thandalamkrishnapuram,2022,0,1,1,0,1,1,3
VELLORE,Thattaparai,2022,1,1,2,1,3,0,0
VELLORE,Thattimanapalli,2022,2,1,0,1,2,3,0
VELLORE,Thellur,2022,0,1,0,1,0,2,0
VELLORE,Thengal,2022,2,0,1,2,2,2,1
VELLORE,Thennambattu,2022,0,1,1,0,0,1,1
VELLORE,Thenpalli,2022,0,1,2,1,1,3,0
VELLORE,Thirumani,2022,1,2,1,3,5,1,0
VELLORE,Thondanthulasi,2022,0,0,1,1,3,1,0
VELLORE,Thorapadi,2022,0,2,2,0,0,3,1
VELLORE,Thottithoraimottur,2022,1,1,0,3,1,1,1
VELLORE,Thuthipattu,2022,3,0,2,2,0,0,0
VELLORE,Thuttikadu,2022,2,1,1,2,1,2,1
VELLORE,Thuttipattu,2022,0,0,2,1,3,0,0
VELLORE,Tippasamudram,2022,0,1,1,3,0,1,0
VELLORE,Ulli,2022,0,1,1,1,3,2,1
VELLORE,Umayampattu,2022,0,2,1,1,1,2,0
VELLORE,Unai,2022,0,0,1,1,1,0,2
VELLORE,Unai Vaniyambadi,2022,0,1,3,1,1,3,0
VELLORE,Usur,2022,1,2,1,0,0,10,0
VELLORE,Vadacheri,2022,0,0,0,2,1,0,0
VELLORE,Vadakadappauthangal,2022,0,1,1,0,1,1,1
VELLORE,Vadakarai,2022,1,0,2,1,3,0,1
VELLORE,Vaduganthangal,2022,0,1,0,2,2,3,1
VELLORE,Valathur,2022,0,1,2,2,0,2,1
VELLORE,Vallam,2022,0,0,1,0,3,0,0
VELLORE,Vallandaraman,2022,0,1,1,3,2,1,0
VELLORE,Vallimalai,2022,0,1,1,1,0,3,0
VELLORE,Vandaranthangal,2022,0,2,0,0,1,10,0
VELLORE,Vanghur,2022,0,0,2,1,3,0,1
VELLORE,Vanjur,2022,0,1,3,0,1,1,1
VELLORE,Vannanthangal,2022,2,1,1,3,0,0,1
VELLORE,Varadalampattu,2022,0,0,2,2,0,3,2
VELLORE,Varadalampattu,2022,0,1,0,0,1,2,0
VELLORE,Varadhareddipalli,2022,1,0,2,1,3,0,0
VELLORE,Vasanthanadal,2022,2,1,0,3,2,1,1
VELLORE,Veerankuppam,2022,0,1,2,1,0,3,2
VELLORE,Veerichettipalli,2022,1,2,0,0,1,10,3
VELLORE,Velam,2022,3,0,1,1,3,0,0
VELLORE,Velampattu,2022,2,1,0,0,1,3,0
VELLORE,Velapadi,2022,0,1,0,1,2,0,1
VELLORE,Vellore,2022,0,1,1,3,0,2,0
VELLORE,Vellore north,2022,0,0,0,3,0,3,1
VELLORE,Vellore old bus stand,2022,1,2,3,1,2,2,1
VELLORE,Vellore south,2022,0,1,2,0,0,0,1
VELLORE,Vellore town,2022,0,1,2,2,1,3,1
VELLORE,Vengatasamudram,2022,0,0,1,3,1,0,1
VELLORE,Venkatapuram,2022,1,1,2,1,1,2,0
VELLORE,Venkatapuram  (Mel),2022,0,0,1,0,2,3,1
VELLORE,Veppalai,2022,0,2,1,3,1,10,1
VELLORE,Veppampattu,2022,0,0,0,2,2,0,0
VELLORE,Veppanganeri,2022,1,1,1,0,0,3,1
VELLORE,Veppur,2022,0,1,2,1,1,1,1
VELLORE,Vettuvanam,2022,1,2,4,3,2,2,3
VELLORE,Viludonapaliam,2022,1,0,1,1,1,0,0
VELLORE,Vilundakkal,2022,0,2,2,0,0,3,1
VELLORE,Vinnampalli,2022,1,1,0,3,1,3,2
VELLORE,Virinchipuram,2022,0,1,2,2,0,1,3
VELLORE,Virudampattu,2022,0,0,1,3,1,0,0
VELLORE,Virupakshipuram,2022,1,0,2,0,1,3,0
VELLORE,Abdullapuram,2023,1,0,3,4,2,2,1
VELLORE,Adukkamparai,2023,2,1,2,5,0,5,2
VELLORE,Agraharam,2023,0,1,0,0,2,2,0
VELLORE,Aiyathambattu,2023,1,2,1,2,1,0,1
VELLORE,Alamelumangapuram,2023,3,0,3,1,1,9,5
VELLORE,Alanganeri,2023,2,5,1,6,1,2,3
VELLORE,Alinjikuppam,2023,0,1,0,0,1,1,0
VELLORE,Allapuram,2023,0,0,2,3,0,0,1
VELLORE,Alleri,2023,0,1,0,3,2,0,0
VELLORE,Ambalur,2023,0,0,1,10,2,0,1
VELLORE,Ammanankuppam,2023,0,0,2,5,1,5,3
VELLORE,Ammavarpalli,2023,0,0,1,0,2,0,2
VELLORE,Ammundi,2023,0,6,1,2,2,2,0
VELLORE,Anaikattu,2023,2,0,2,0,1,0,1
VELLORE,Ananganallore,2023,0,1,0,3,1,3,3
VELLORE,Ankarankuppam,2023,0,1,1,0,2,0,1
VELLORE,Annankudi,2023,1,2,5,2,4,2,0
VELLORE,Anpundi,2023,2,0,3,2,1,2,0
VELLORE,Appukal,2023,0,5,0,4,2,4,1
VELLORE,Aragaldurgam,2023,1,1,1,5,0,2,3
VELLORE,Aravatla,2023,3,1,0,2,2,3,2
VELLORE,Arimuthumottur,2023,2,1,1,0,1,0,0
VELLORE,Ariyur,2023,0,0,3,0,1,1,1
VELLORE,Arularangaiapalli,2023,0,1,2,0,1,4,3
VELLORE,Arumbakkam,2023,0,1,0,0,1,5,1
VELLORE,Arumparuthi,2023,0,2,1,1,0,2,0
VELLORE,Athikuppam,2023,0,0,3,12,2,0,0
VELLORE,Athiyur,2023,0,3,1,0,3,7,0
VELLORE,Bagayam,2023,2,1,0,0,1,0,1
VELLORE,BalakuppamGollavaripalli,2023,0,0,0,1,2,16,2
VELLORE,Balur,2023,0,1,1,4,1,2,1
VELLORE,Bapanapalli,2023,0,0,2,3,1,9,2
VELLORE,Bathalapalli,2023,0,2,1,4,1,2,1
VELLORE,Bojanapuram,2023,2,0,2,2,1,0,2
VELLORE,Bomminayakanpalayam,2023,0,1,0,2,1,7,0
VELLORE,Brahmanamangalam,2023,0,1,1,1,2,5,1
VELLORE,Bramapuram,2023,1,6,5,2,4,2,5
VELLORE,Budur,2023,2,0,3,2,1,5,3
VELLORE,Chendathur,2023,0,2,0,5,2,4,0
VELLORE,Chengundram,2023,1,1,1,0,0,15,1
VELLORE,Chettikuppam,2023,3,0,0,3,2,3,0
VELLORE,Chinnadaman Cheruvu,2023,2,1,1,1,1,0,1
VELLORE,Chinnalapalli,2023,0,0,3,0,1,2,3
VELLORE,Chinnapallikuppam,2023,0,1,2,7,1,1,2
VELLORE,Chinnathattalam,2023,0,1,0,4,1,0,0
VELLORE,Chinnavarikam,2023,0,2,1,2,0,3,1
VELLORE,Chitteri,2023,0,0,3,0,1,0,3
VELLORE,Chokkarishikuppam,2023,0,1,1,3,3,4,1
VELLORE,Cholamur,2023,2,2,0,2,1,1,0
VELLORE,Dakshinapathapalayam,2023,0,0,0,0,2,5,0
VELLORE,Danakondapali,2023,0,1,1,3,1,1,1
VELLORE,Darapadavedu,2023,1,0,3,4,2,2,3
VELLORE,Devalapuram,2023,2,1,2,2,0,1,2
VELLORE,Devarishikuppam,2023,0,1,0,1,2,3,0
VELLORE,Devichettikuppam,2023,1,1,1,4,1,0,1
VELLORE,Edayansathu,2023,3,0,3,0,1,2,3
VELLORE,Elavambadi,2023,2,1,1,2,1,0,1
VELLORE,Elayanellore,2023,0,1,7,0,1,4,0
VELLORE,Elluparai,2023,0,0,0,1,0,1,0
VELLORE,Eranthangal,2023,0,1,0,2,2,0,0
VELLORE,Erayangadu,2023,0,5,1,0,2,1,1
VELLORE,Erikuthi,2023,0,0,2,0,1,6,2
VELLORE,Erthangal,2023,0,0,1,2,2,2,1
VELLORE,Erukkampattu,2023,0,0,3,0,1,2,2
VELLORE,Erukkampattu,2023,2,1,1,1,1,5,1
VELLORE,Genganallore,2023,0,1,0,3,1,5,0
VELLORE,Gengasanikuppam,2023,0,0,0,0,0,5,0
VELLORE,Gollakuppam,2023,1,1,0,1,2,2,0
VELLORE,Gollapalli,2023,0,0,1,4,2,0,1
VELLORE,Goodanagaram,2023,0,3,4,0,1,0,2
VELLORE,Govindacheri,2023,0,0,1,5,2,2,1
VELLORE,Govindacherikuppam,2023,0,0,2,0,1,0,2
VELLORE,Gudiyatham,2023,1,1,1,1,0,6,1
VELLORE,Gugaiyanallur,2023,2,1,2,3,0,4,2
VELLORE,Gundalapalli,2023,0,1,0,0,2,4,0
VELLORE,Jabbrapet,2023,1,1,5,0,1,0,1
VELLORE,Jambukulam,2023,3,0,3,5,1,3,3
VELLORE,Jarthankollai,2023,2,1,1,0,1,7,1
VELLORE,K V Kuppam,2023,1,1,0,3,1,4,0
VELLORE,Kadhavalam,2023,0,0,1,0,0,10,1
VELLORE,Kailasagiri,2023,1,6,0,7,2,6,0
VELLORE,Kalampattu,2023,0,0,6,0,2,0,1
VELLORE,Kalanipakkam,2023,0,0,2,4,1,2,2
VELLORE,Kallankuppam,2023,1,1,1,0,2,4,1
VELLORE,Kallapadi,2023,0,0,7,3,1,2,2
VELLORE,Kammasamudram,2023,2,1,1,0,2,1,1
VELLORE,Kammavanpettai,2023,0,1,0,6,1,0,0
VELLORE,Kandaneri,2023,2,0,0,0,0,3,0
VELLORE,Kandipedu,2023,0,1,2,8,1,0,2
VELLORE,Kangayanelur,2023,0,2,1,0,2,4,1
VELLORE,Kanikkaniyan,2023,2,0,2,9,1,0,2
VELLORE,Kaniyambadi,2023,4,6,0,1,1,0,0
VELLORE,Kankuppam,2023,0,0,0,2,2,4,1
VELLORE,Karadikudi,2023,0,1,1,2,1,1,5
VELLORE,Karadikuppam,2023,1,1,3,1,2,0,3
VELLORE,Karasamangalam,2023,2,1,2,0,0,9,0
VELLORE,Karigiri,2023,0,1,9,6,0,0,1
VELLORE,Karkur,2023,2,0,2,0,1,0,0
VELLORE,Karnampattu,2023,0,1,0,4,1,0,1
VELLORE,Karugampattur,2023,0,1,1,0,2,3,3
VELLORE,Karumbur,2023,1,2,5,5,1,1,2
VELLORE,Karuneekasamudram,2023,0,0,3,3,1,0,0
VELLORE,Karunkali,2023,0,2,3,7,2,6,1
VELLORE,Kathalampattu,2023,1,1,1,5,0,0,3
VELLORE,Katharikuppam,2023,3,0,0,9,2,5,1
VELLORE,Katpadi,2023,2,1,1,27,1,12,0
VELLORE,Kattarampakkam,2023,0,0,3,8,2,1,0
VELLORE,Kattuputhur,2023,0,1,0,3,1,0,1
VELLORE,Kavanur,2023,0,1,4,0,2,1,3
VELLORE,Kavasampattu,2023,1,2,5,2,4,0,2
VELLORE,Keeraisathu,2023,0,2,3,0,1,3,0
VELLORE,Kesavanakuppam,2023,0,2,8,5,2,5,2
VELLORE,Kil Arasampattu,2023,1,1,1,0,0,0,0
VELLORE,Kilachur,2023,1,0,0,2,2,1,1
VELLORE,Kilalathur,2023,2,1,1,0,1,0,5
VELLORE,Kilkothur,2023,0,0,3,4,1,7,3
VELLORE,Kilkrishnapuram,2023,0,3,2,0,1,2,0
VELLORE,Kilmanavur,2023,0,1,0,2,1,0,1
VELLORE,Kilmuttukur,2023,2,2,1,1,0,3,0
VELLORE,Kilpallipattu,2023,0,0,3,0,1,0,1
VELLORE,Kilpatti,2023,1,1,6,1,3,0,3
VELLORE,Kilvaithinankuppam,2023,0,1,0,0,1,4,0
VELLORE,Kilvallam,2023,4,2,0,3,1,1,0
VELLORE,Kodakkal,2023,0,2,8,5,0,2,1
VELLORE,Kolatheri,2023,0,0,1,0,1,1,1
VELLORE,Komeswaram,2023,0,1,1,1,3,0,1
VELLORE,Konavattam,2023,1,2,6,0,1,5,0
VELLORE,Kondamanaidupalayam,2023,0,0,1,1,0,0,1
VELLORE,Kondasamudram,2023,0,2,1,2,1,2,1
VELLORE,Kosavanpudur,2023,1,0,12,0,2,3,3
VELLORE,Kothakkuppam,2023,0,1,2,3,0,0,2
VELLORE,Kothamangalam,2023,0,1,0,0,2,1,0
VELLORE,Kothapalli,2023,1,0,3,0,1,3,3
VELLORE,Kothur,2023,1,1,8,4,1,0,2
VELLORE,Kulathamedu,2023,0,9,0,0,1,0,0
VELLORE,Kulidikai,2023,2,2,1,6,0,1,1
VELLORE,Kumalan kuttai,2023,0,0,3,0,2,0,3
VELLORE,Kumaramangalam,2023,0,1,1,1,3,2,1
VELLORE,Kuppam,2023,2,1,0,2,1,3,0
VELLORE,Kuppathamottur,2023,0,6,0,0,2,5,0
VELLORE,Latheri,2023,0,1,1,0,1,4,1
VELLORE,Machampattu,2023,1,0,3,3,2,1,3
VELLORE,Machanur,2023,2,1,9,1,0,0,2
VELLORE,Madandakuppam,2023,0,1,0,1,2,5,0
VELLORE,Madayapattu,2023,1,2,1,0,0,2,1
VELLORE,Mahammadapuram,2023,3,3,3,2,1,0,3
VELLORE,Mahimandalam,2023,2,1,1,0,0,2,1
VELLORE,Mailpatti,2023,0,1,0,4,1,0,0
VELLORE,Malayampattu,2023,0,0,10,0,0,1,0
VELLORE,Maliyapattu,2023,0,1,0,0,2,4,0
VELLORE,Marudalam,2023,0,0,1,0,2,0,1
VELLORE,Maruthavallipalayam,2023,0,3,1,3,1,2,1
VELLORE,Masigam,2023,1,0,1,0,2,0,1
VELLORE,Mel Vallam,2023,0,0,2,2,1,3,2
VELLORE,Melalathur,2023,0,2,1,2,1,0,1
VELLORE,Melarasampattu,2023,0,0,2,0,0,0,2
VELLORE,Melmanavur,2023,1,1,0,2,1,2,0
VELLORE,Melmoil,2023,0,6,9,0,2,0,1
VELLORE,Melpadi,2023,1,2,2,4,4,5,2
VELLORE,Melshanankuppam,2023,1,0,1,0,1,0,1
VELLORE,Melumuttukur,2023,0,2,0,1,2,0,0
VELLORE,Melvaithinankuppam,2023,1,1,1,0,0,11,1
VELLORE,Melveeranam,2023,0,1,0,2,2,0,0
VELLORE,Mettukulam,2023,0,4,7,5,2,1,1
VELLORE,Mittalam,2023,2,0,2,0,1,0,2
VELLORE,Modhagapalli,2023,0,1,0,3,1,2,0
VELLORE,Modikuppam,2023,0,1,1,3,2,0,1
VELLORE,Moongapattu,2023,1,2,5,0,4,4,5
VELLORE,Morasappalli,2023,2,0,3,6,1,3,3
VELLORE,Mordana,2023,0,6,9,1,2,0,0
VELLORE,Mothakkal,2023,1,1,1,0,0,2,1
VELLORE,Mottupalayam,2023,3,0,0,1,2,1,0
VELLORE,Mudinampattu,2023,2,1,1,0,1,3,1
VELLORE,Mukkundram,2023,0,0,3,1,1,2,3
VELLORE,Mulluvadi,2023,0,1,2,0,1,12,2
VELLORE,Munjurpattu,2023,0,1,0,3,1,0,0
VELLORE,Murukkampattu,2023,0,2,1,3,0,4,1
VELLORE,Murukkeri,2023,0,0,3,0,2,1,3
VELLORE,Mutharasikuppam,2023,0,4,10,0,3,0,1
VELLORE,Nagal,2023,2,1,0,3,1,2,0
VELLORE,Nanjukondapuram,2023,0,0,0,0,2,0,0
VELLORE,Nariambattu,2023,0,1,1,3,1,0,1
VELLORE,Nellorepettai,2023,1,0,3,3,2,1,3
VELLORE,Nelvoy,2023,2,1,2,0,0,0,2
VELLORE,Nemandapuram,2023,0,1,0,3,2,2,0
VELLORE,Netteri,2023,1,2,1,1,1,3,1
VELLORE,Oddapalayam,2023,3,0,3,0,1,8,3
VELLORE,Odiyathur,2023,2,3,1,2,1,0,1
VELLORE,Odugathur,2023,0,1,0,3,1,3,0
VELLORE,Okkanapuram,2023,0,0,0,3,0,4,0
VELLORE,Olakasi,2023,0,1,11,0,2,6,0
VELLORE,Ongapadi,2023,0,0,1,4,2,1,1
VELLORE,Otteri,2023,0,2,8,1,3,6,2
VELLORE,Ozhughur,2023,0,0,1,0,2,0,1
VELLORE,Pakkam,2023,0,0,2,1,1,0,2
VELLORE,Palamadai,2023,0,8,1,1,1,0,1
VELLORE,Palampakkam,2023,2,0,2,0,1,1,2
VELLORE,Palampattu,2023,1,1,0,9,1,0,0
VELLORE,Palathuvannan,2023,0,1,1,0,2,1,1
VELLORE,Palavansathu,2023,1,2,7,8,4,2,5
VELLORE,Pallalakuppam,2023,2,0,3,8,1,0,3
VELLORE,Pallikonda,2023,0,2,0,3,2,2,0
VELLORE,Panamadangi,2023,1,1,12,0,0,0,1
VELLORE,Pandiyanellore,2023,3,0,0,2,2,2,0
VELLORE,Paradarami,2023,2,4,1,0,1,1,1
VELLORE,Paramasathu,2023,1,0,3,1,1,1,3
VELLORE,Parasanapalli,2023,0,1,2,0,1,0,2
VELLORE,Paravakkal,2023,4,1,0,2,1,1,0
VELLORE,Pasumathur,2023,0,2,6,0,0,0,1
VELLORE,Pattu,2023,3,0,3,3,1,5,3
VELLORE,Pazhayakrishnapuram,2023,0,6,1,0,3,1,1
VELLORE,Peenjamandai,2023,2,1,0,1,1,0,0
VELLORE,Pennathur,2023,0,0,0,1,2,7,0
VELLORE,Periaparai,2023,0,1,1,0,1,5,1
VELLORE,Periavarigam,2023,1,0,3,1,2,0,3
VELLORE,Pernambut,2023,1,2,1,0,2,2,2
VELLORE,Perumalkuppam,2023,0,0,2,3,1,0,0
VELLORE,Perumbadi,2023,2,1,9,5,2,2,1
VELLORE,Perumugai,2023,0,1,0,1,1,2,3
VELLORE,Pillanthipattu,2023,2,0,0,2,0,1,1
VELLORE,Pinnanthurai,2023,0,1,2,0,1,0,0
VELLORE,Pogalur,2023,2,2,1,6,2,2,0
VELLORE,Poigai,2023,2,0,2,2,1,0,0
VELLORE,Ponnai,2023,0,1,0,5,1,15,1
VELLORE,Ponnappanthangal,2023,0,7,1,3,2,5,2
VELLORE,Pudukuppam,2023,1,2,5,0,4,0,1
VELLORE,Pulimedu,2023,0,1,7,3,1,0,2
VELLORE,Pulivalam,2023,0,2,0,1,2,2,1
VELLORE,Puthur,2023,1,2,1,0,0,1,0
VELLORE,Puthur,2023,1,0,0,2,2,0,0
VELLORE,Puttavaraipalli,2023,2,1,1,0,1,1,0
VELLORE,Rajakkal,2023,0,0,3,1,1,0,1
VELLORE,Rajakuppam,2023,0,1,2,2,1,2,2
VELLORE,Ramalai,2023,0,3,0,1,1,0,1
VELLORE,Rendadi,2023,0,2,1,0,0,3,2
VELLORE,Sadupperi,2023,0,0,2,3,1,2,1
VELLORE,Sankaranpalayam,2023,0,2,1,4,3,1,0
VELLORE,Sathambakkam,2023,0,1,1,1,3,0,2
VELLORE,Sathiyamangalam,2023,4,1,0,1,1,8,0
VELLORE,Sathkar,2023,0,0,1,0,2,1,1
VELLORE,Sathumadurai,2023,2,0,2,2,1,0,3
VELLORE,Sathupalaiyam,2023,0,0,1,0,2,3,1
VELLORE,Sathuvachari,2023,0,4,2,4,1,0,0
VELLORE,Seduvalai,2023,2,1,1,0,1,0,1
VELLORE,Seevur,2023,0,1,0,0,1,0,0
VELLORE,Sekkadikuppam,2023,0,0,0,0,0,0,1
VELLORE,Sekkanur,2023,2,1,0,3,2,2,2
VELLORE,Selamanatham,2023,0,0,1,0,2,0,1
VELLORE,Sembarayanallore,2023,0,0,9,2,1,4,2
VELLORE,Sembedu,2023,0,0,1,2,2,0,1
VELLORE,Sembedu,2023,1,0,2,0,1,1,0
VELLORE,Sempali,2023,1,1,1,2,0,0,0
VELLORE,Sengalnatham,2023,2,1,2,0,0,2,2
VELLORE,Senji,2023,0,9,0,2,2,5,1
VELLORE,Sennankuppam,2023,1,1,1,0,1,0,2
VELLORE,Senur,2023,3,0,3,1,1,3,0
VELLORE,Serkadu,2023,2,1,1,0,1,3,1
VELLORE,Serpadi,2023,0,1,6,2,1,0,5
VELLORE,Seruvangi,2023,0,0,1,5,0,6,3
VELLORE,Sethuvandai,2023,1,1,0,0,2,1,0
VELLORE,Sevur,2023,0,0,1,0,2,0,1
VELLORE,Shenpakkam,2023,0,0,2,3,1,10,0
VELLORE,Sholavaram,2023,5,2,0,0,2,4,1
VELLORE,Sholinghur,2023,0,1,1,3,1,1,3
VELLORE,Singalpadi,2023,1,1,3,1,2,0,2
VELLORE,Sirukanchi,2023,2,1,2,0,0,2,0
VELLORE,Somasamudram,2023,0,2,8,2,0,3,1
VELLORE,Sripuram,2023,0,2,1,1,2,1,2
VELLORE,Tandalakrishnapuram,2023,2,0,2,0,1,3,3
VELLORE,Thagarakuppam,2023,0,1,0,1,1,0,1
VELLORE,Thalaiyatham,2023,0,1,1,0,2,4,0
VELLORE,Thalangai,2023,4,2,5,3,1,0,0
VELLORE,Thandalamkrishnapuram,2023,0,0,3,3,1,0,1
VELLORE,Thattaparai,2023,0,2,0,0,2,1,3
VELLORE,Thattimanapalli,2023,1,1,1,1,0,1,2
VELLORE,Thellur,2023,3,0,0,3,2,0,0
VELLORE,Thengal,2023,2,3,1,0,1,9,2
VELLORE,Thennambattu,2023,0,0,4,2,2,0,0
VELLORE,Thenpalli,2023,0,1,0,3,1,8,1
VELLORE,Thirumani,2023,0,1,3,3,1,8,5
VELLORE,Thondanthulasi,2023,0,2,1,2,1,3,3
VELLORE,Thorapadi,2023,0,0,5,1,1,0,0
VELLORE,Thottithoraimottur,2023,0,1,1,0,3,2,1
VELLORE,Thuthipattu,2023,1,2,0,2,1,0,0
VELLORE,Thuttikadu,2023,0,0,1,3,0,0,1
VELLORE,Thuttipattu,2023,0,5,1,4,1,4,3
VELLORE,Tippasamudram,2023,1,0,3,0,2,0,0
VELLORE,Ulli,2023,0,1,2,1,0,0,3
VELLORE,Umayampattu,2023,0,1,7,0,2,0,1
VELLORE,Unai,2023,0,0,3,0,1,3,1
VELLORE,Unai Vaniyambadi,2023,0,1,2,1,1,0,1
VELLORE,Usur,2023,0,1,0,1,1,2,0
VELLORE,Vadacheri,2023,0,2,1,0,0,2,1
VELLORE,Vadakadappauthangal,2023,0,0,3,2,2,0,1
VELLORE,Vadakarai,2023,0,1,1,0,3,2,3
VELLORE,Vaduganthangal,2023,3,2,0,1,1,0,2
VELLORE,Valathur,2023,0,0,9,0,2,7,0
VELLORE,Vallam,2023,0,1,1,1,0,0,3
VELLORE,Vallandaraman,2023,1,0,3,1,2,1,2
VELLORE,Vallimalai,2023,2,1,2,4,0,0,0
VELLORE,Vandaranthangal,2023,0,4,0,0,2,2,1
VELLORE,Vanghur,2023,1,2,1,2,0,5,3
VELLORE,Vanjur,2023,3,0,3,3,1,0,1
VELLORE,Vannanthangal,2023,4,1,8,0,0,0,0
VELLORE,Varadalampattu,2023,1,1,0,5,1,3,0
VELLORE,Varadalampattu,2023,0,0,2,1,0,6,1
VELLORE,Varadhareddipalli,2023,1,1,0,7,1,1,3
VELLORE,Vasanthanadal,2023,0,1,1,1,2,0,2
VELLORE,Veerankuppam,2023,1,2,2,1,4,10,0
VELLORE,Veerichettipalli,2023,1,0,1,0,1,0,1
VELLORE,Velam,2023,1,2,0,2,2,1,3
VELLORE,Velampattu,2023,1,0,1,0,0,0,1
VELLORE,Velapadi,2023,1,2,3,0,1,1,0
VELLORE,Vellore,2023,0,1,6,2,2,10,0
VELLORE,Vellore north,2023,0,0,1,1,1,3,0
VELLORE,Vellore old bus stand,2023,2,1,2,1,0,0,3
VELLORE,Vellore south,2023,3,0,5,0,2,0,0
VELLORE,Vellore town,2023,0,0,0,0,0,10,1
VELLORE,Vengatasamudram,2023,2,1,0,2,2,3,1
VELLORE,Venkatapuram,2023,0,1,1,1,2,0,1
VELLORE,Venkatapuram  (Mel),2023,0,0,1,0,1,7,2
VELLORE,Veppalai,2023,1,2,1,1,2,3,1
VELLORE,Veppampattu,2023,0,2,2,0,1,3,2
VELLORE,Veppanganeri,2023,3,2,4,2,1,7,0
VELLORE,Veppur,2023,0,1,0,0,0,1,1
VELLORE,Vettuvanam,2023,2,0,2,3,1,0,2
VELLORE,Viludonapaliam,2023,1,1,0,2,1,2,1
VELLORE,Vilundakkal,2023,0,1,2,0,2,4,0
VELLORE,Vinnampalli,2023,4,2,5,1,1,0,1
VELLORE,Virinchipuram,2023,0,3,3,1,1,4,0
VELLORE,Virudampattu,2023,0,2,0,0,2,8,1
VELLORE,Virupakshipuram,2023,2,1,3,3,0,9,2
