id,STATE/UT,DISTRICT,Year,Rape,Kidnapping and Abduction,Dowry Deaths,Assault on women with intent to outrage her modesty,Insult to modesty of Women,Cruelty by Husband or his Relatives,Importation of Girls
535,"TAMIL NADU","ARIYALUR",2010,9,16,7,40,6,12,0
536,"TAMIL NADU","CHENGAI",2010,24,11,19,61,10,61,0
537,"TAMIL NADU","CHENNAI",2010,31,0,15,72,213,115,0
538,"TAMIL NADU","CHENNAI RLY.",2010,1,1,0,9,0,6,0
539,"TAMIL NADU","COIMBATORE RURAL",2010,22,31,18,77,28,51,0
540,"TAMIL NADU","COIMBATORE URBAN",2010,8,13,9,22,41,32,0
541,"TAMIL NADU","CUDDALORE",2010,18,6,11,139,53,24,0
542,"TAMIL NADU","DHARMAPURI",2010,21,32,10,67,10,22,0
543,"TAMIL NADU","DINDIGUL",2010,17,37,11,51,14,12,5
544,"TAMIL NADU","ERODE",2010,12,17,6,74,20,27,0
545,"TAMIL NADU","KANCHIPURAM",2010,24,12,10,34,12,15,9
546,"TAMIL NADU","KANYAKUMARI",2010,10,12,7,29,174,32,0
547,"TAMIL NADU","KARUR",2010,7,10,5,24,5,16,0
548,"TAMIL NADU","MADURAI RURAL",2010,15,25,7,54,11,71,0
549,"TAMIL NADU","MADURAI URBAN",2010,4,20,14,24,55,27,0
550,"TAMIL NADU","NAGAPATTINAM",2010,15,27,8,58,16,10,0
551,"TAMIL NADU","NAMAKKAL",2010,9,19,7,41,15,22,0
552,"TAMIL NADU","NILGIRIS",2010,10,9,4,8,7,18,0
553,"TAMIL NADU","PERAMBALUR",2010,5,13,2,22,1,16,0
554,"TAMIL NADU","PUDUKOTTAI",2010,8,27,5,35,8,29,0
555,"TAMIL NADU","RAMNATHAPURAM",2010,15,19,7,63,15,18,0
556,"TAMIL NADU","SALEM RURAL",2010,10,31,12,56,10,11,0
557,"TAMIL NADU","SALEM URBAN",2010,4,13,7,11,16,14,0
558,"TAMIL NADU","SIVAGANGAI",2010,8,12,7,19,4,12,0
559,"TAMIL NADU","THANJAVUR",2010,1,36,1,57,50,35,0
560,"TAMIL NADU","THENI",2010,6,9,7,32,10,13,0
561,"TAMIL NADU","THIRUNELVELI RURAL",2010,60,55,5,157,65,16,0
562,"TAMIL NADU","THIRUNELVELI URBAN",2010,7,13,1,6,24,9,0
563,"TAMIL NADU","THIRUVALLUR",2010,19,15,8,72,21,20,0
564,"TAMIL NADU","THIRUVANNAMALAI",2010,7,35,3,55,11,21,0
565,"TAMIL NADU","THIRUVARUR",2010,9,30,6,54,20,5,0
566,"TAMIL NADU","THOOTHUGUDI",2010,16,0,4,98,51,39,0
567,"TAMIL NADU","TRICHY RLY.",2010,1,2,2,0,5,2,0
568,"TAMIL NADU","TRICHY RURAL",2010,10,19,5,25,7,5,0
569,"TAMIL NADU","TRICHY URBAN",2010,8,9,7,11,53,22,0
570,"TAMIL NADU","VELLORE",2010,17,1,12,58,20,7,0
571,"TAMIL NADU","VILLUPURAM",2010,41,39,16,81,24,44,0
572,"TAMIL NADU","VIRUDHUNAGAR",2010,21,23,6,84,13,24,0
573,"TAMIL NADU","TOTAL",2010,426,611,194,1776,1016,818,14
1252,"TAMIL NADU","CHENGAI",2011,30,32,32,73,28,93,0
1253,"TAMIL NADU","CHENNAI",2011,30,25,22,63,943,110,0
1254,"TAMIL NADU","CHENNAI RLY.",2011,0,1,0,5,2,2,0
1255,"TAMIL NADU","COIMBATORE RURAL",2011,28,32,24,83,28,76,0
1256,"TAMIL NADU","COIMBATORE URBAN",2011,6,8,10,16,18,31,0
1257,"TAMIL NADU","CUDDALORE",2011,30,40,13,112,25,30,0
1258,"TAMIL NADU","DHARMAPURI",2011,23,26,18,64,11,34,0
1259,"TAMIL NADU","DINDIGUL",2011,17,27,4,36,46,26,0
1260,"TAMIL NADU","ERODE",2011,17,31,7,71,10,35,0
1261,"TAMIL NADU","KANCHIPURAM",2011,22,1,12,44,19,16,0
1262,"TAMIL NADU","KANYAKUMARI",2011,12,13,6,46,86,31,0
1263,"TAMIL NADU","KARUR",2011,13,19,5,12,5,27,0
1264,"TAMIL NADU","MADURAI RURAL",2011,18,19,11,62,9,49,0
1265,"TAMIL NADU","MADURAI URBAN",2011,11,15,8,27,127,28,0
1266,"TAMIL NADU","NAGAPATTINAM",2011,31,26,9,86,9,18,0
1267,"TAMIL NADU","NAMAKKAL",2011,16,28,7,45,21,30,0
1268,"TAMIL NADU","NILGIRIS",2011,8,0,1,23,7,29,0
1269,"TAMIL NADU","PERAMBALUR",2011,19,24,7,92,17,25,0
1270,"TAMIL NADU","PUDUKOTTAI",2011,14,27,8,52,9,35,0
1271,"TAMIL NADU","RAMNATHAPURAM",2011,16,12,8,53,10,27,0
1272,"TAMIL NADU","SALEM RURAL",2011,17,26,7,56,9,29,0
1273,"TAMIL NADU","SALEM URBAN",2011,12,7,9,6,17,17,0
1274,"TAMIL NADU","SIVAGANGAI",2011,9,13,7,24,11,46,0
1275,"TAMIL NADU","THANJAVUR",2011,12,20,5,32,23,26,0
1276,"TAMIL NADU","THENI",2011,15,23,6,56,7,18,0
1277,"TAMIL NADU","THIRUNELVELI RURAL",2011,44,49,5,145,55,32,0
1278,"TAMIL NADU","THIRUNELVELI URBAN",2011,6,14,9,13,16,13,0
1279,"TAMIL NADU","THIRUVALLUR",2011,13,36,10,100,27,32,0
1280,"TAMIL NADU","THIRUVANNAMALAI",2011,13,47,13,56,31,21,0
1281,"TAMIL NADU","THIRUVARUR",2011,8,7,8,53,19,6,0
1282,"TAMIL NADU","THOOTHUGUDI",2011,16,23,8,125,0,51,0
1283,"TAMIL NADU","TRICHY RLY.",2011,0,1,0,6,5,3,0
1284,"TAMIL NADU","TRICHY RURAL",2011,9,16,14,16,10,4,0
1285,"TAMIL NADU","TRICHY URBAN",2011,5,12,9,18,108,24,0
1286,"TAMIL NADU","VELLORE",2011,34,37,15,52,25,9,0
1287,"TAMIL NADU","VILLUPURAM",2011,53,55,7,94,21,46,0
1288,"TAMIL NADU","VIRUDHUNAGAR",2011,15,27,8,68,16,38,0
1289,"TAMIL NADU","TOTAL",2011,536,718,247,1879,1721,1055,0
1981,"TAMIL NADU","CHENGAI",2012,21,36,17,102,64,81,0
1982,"TAMIL NADU","CHENNAI",2012,40,0,22,94,216,162,0
1983,"TAMIL NADU","CHENNAI RLY.",2012,0,2,1,6,4,0,0
1984,"TAMIL NADU","COIMBATORE RURAL",2012,20,16,21,83,33,101,0
1985,"TAMIL NADU","COIMBATORE URBAN",2012,7,5,5,21,10,27,0
1986,"TAMIL NADU","CUDDALORE",2012,22,12,12,76,20,37,0
1987,"TAMIL NADU","DHARMAPURI",2012,26,36,20,94,14,38,0
1988,"TAMIL NADU","DINDIGUL",2012,20,17,6,53,6,33,0
1989,"TAMIL NADU","ERODE",2012,15,36,4,64,12,54,0
1990,"TAMIL NADU","KANCHIPURAM",2012,34,19,13,60,62,27,0
1991,"TAMIL NADU","KANYAKUMARI",2012,14,11,7,24,36,53,0
1992,"TAMIL NADU","KARUR",2012,6,13,6,7,7,28,0
1993,"TAMIL NADU","MADURAI RURAL",2012,25,27,16,60,10,67,0
1994,"TAMIL NADU","MADURAI URBAN",2012,10,20,12,33,52,37,0
1995,"TAMIL NADU","NAGAPATTINAM",2012,9,21,11,53,7,28,0
1996,"TAMIL NADU","NAMAKKAL",2012,11,26,10,58,24,44,0
1997,"TAMIL NADU","NILGIRIS",2012,13,5,1,41,8,1,0
1998,"TAMIL NADU","PERAMBALUR",2012,15,30,6,67,14,45,0
1999,"TAMIL NADU","PUDUKOTTAI",2012,10,16,5,55,8,31,0
2000,"TAMIL NADU","RAMNATHAPURAM",2012,13,12,5,52,9,47,0
2001,"TAMIL NADU","SALEM RURAL",2012,37,65,14,169,11,153,0
2002,"TAMIL NADU","SALEM URBAN",2012,14,11,7,15,17,16,0
2003,"TAMIL NADU","SIVAGANGAI",2012,8,21,7,19,10,38,0
2004,"TAMIL NADU","THANJAVUR",2012,17,25,3,102,17,35,0
2005,"TAMIL NADU","THENI",2012,9,7,6,56,10,29,0
2006,"TAMIL NADU","THIRUNELVELI RURAL",2012,45,31,13,125,31,45,0
2007,"TAMIL NADU","THIRUNELVELI URBAN",2012,6,12,1,14,20,25,0
2008,"TAMIL NADU","THIRUVALLUR",2012,16,26,12,73,16,31,0
2009,"TAMIL NADU","THIRUVANNAMALAI",2012,27,22,8,39,10,26,0
2010,"TAMIL NADU","THIRUVARUR",2012,12,10,4,73,11,22,0
2011,"TAMIL NADU","THOOTHUGUDI",2012,24,24,8,80,55,56,0
2012,"TAMIL NADU","TRICHY RLY.",2012,1,2,2,2,5,2,0
2013,"TAMIL NADU","TRICHY RURAL",2012,9,11,11,18,6,46,1
2014,"TAMIL NADU","TRICHY URBAN",2012,10,10,2,8,45,47,0
2015,"TAMIL NADU","VELLORE",2012,22,27,8,45,35,19,0
2016,"TAMIL NADU","VILLUPURAM",2012,43,44,8,103,33,64,0
2017,"TAMIL NADU","VIRUDHUNAGAR",2012,29,23,5,81,44,64,0
2018,"TAMIL NADU","TOTAL",2012,560,634,224,2026,884,1559,1
2709,"TAMIL NADU","CHENGAI",2013,36,28,36,104,32,96,0
2710,"TAMIL NADU","CHENNAI",2013,32,22,26,59,192,157,0
2711,"TAMIL NADU","CHENNAI RLY.",2013,1,4,5,0,4,3,0
2712,"TAMIL NADU","COIMBATORE RURAL",2013,27,28,11,68,54,70,0
2713,"TAMIL NADU","COIMBATORE URBAN",2013,8,8,6,18,25,33,0
2714,"TAMIL NADU","CUDDALORE",2013,22,26,10,57,57,27,0
2715,"TAMIL NADU","DHARMAPURI",2013,26,16,5,61,18,25,0
2716,"TAMIL NADU","DINDIGUL",2013,21,20,9,34,7,41,0
2717,"TAMIL NADU","ERODE",2013,16,22,10,37,7,23,0
2718,"TAMIL NADU","KANCHIPURAM",2013,21,13,8,67,45,8,0
2719,"TAMIL NADU","KANYAKUMARI",2013,5,14,0,25,22,56,0
2720,"TAMIL NADU","KARUR",2013,6,8,6,15,8,17,0
2721,"TAMIL NADU","KRISHNAGIRI",2013,13,25,12,40,78,34,0
2722,"TAMIL NADU","MADURAI RURAL",2013,33,31,11,73,13,28,0
2723,"TAMIL NADU","MADURAI URBAN",2013,11,25,7,37,44,41,0
2724,"TAMIL NADU","NAGAPATTINAM",2013,13,16,9,30,5,11,0
2725,"TAMIL NADU","NAMAKKAL",2013,9,22,12,39,20,41,0
2726,"TAMIL NADU","NILGIRIS",2013,17,6,4,48,18,6,0
2727,"TAMIL NADU","PERAMBALUR",2013,17,27,8,46,20,43,0
2728,"TAMIL NADU","PUDUKOTTAI",2013,13,18,6,64,7,39,0
2729,"TAMIL NADU","RAMNATHAPURAM",2013,12,15,4,50,11,8,0
2730,"TAMIL NADU","SALEM RURAL",2013,58,103,14,339,20,258,0
2731,"TAMIL NADU","SALEM URBAN",2013,15,7,13,8,30,21,0
2732,"TAMIL NADU","SIVAGANGAI",2013,17,18,11,20,27,44,0
2733,"TAMIL NADU","THANJAVUR",2013,16,33,9,79,5,23,0
2734,"TAMIL NADU","THENI",2013,9,12,4,68,15,30,0
2735,"TAMIL NADU","THIRUNELVELI RURAL",2013,34,20,8,90,20,59,0
2736,"TAMIL NADU","THIRUNELVELI URBAN",2013,6,6,5,17,20,17,0
2737,"TAMIL NADU","THIRUVALLUR",2013,18,18,16,49,18,33,0
2738,"TAMIL NADU","THIRUVANNAMALAI",2013,29,28,7,30,20,8,0
2739,"TAMIL NADU","THIRUVARUR",2013,11,12,4,72,17,13,0
2740,"TAMIL NADU","THOOTHUGUDI",2013,39,22,6,20,86,64,0
2741,"TAMIL NADU","TRICHY RLY.",2013,0,2,1,5,2,1,0
2742,"TAMIL NADU","TRICHY RURAL",2013,20,18,9,11,8,0,0
2743,"TAMIL NADU","TRICHY URBAN",2013,2,5,7,11,105,34,0
2744,"TAMIL NADU","VELLORE",2013,20,25,10,50,30,15,0
2745,"TAMIL NADU","VILLUPURAM",2013,57,48,7,90,15,63,0
2746,"TAMIL NADU","VIRUDHUNAGAR",2013,22,25,6,44,72,52,0
2747,"TAMIL NADU","TOTAL",2013,620,694,228,1864,1085,1440,0
3443,"TAMIL NADU","CHENNAI",2014,47,34,33,85,104,238,0
3444,"TAMIL NADU","CHENNAI RLY.",2014,1,2,2,5,3,4,0
3445,"TAMIL NADU","COIMBATORE RURAL",2014,35,20,11,169,38,149,0
3446,"TAMIL NADU","COIMBATORE URBAN",2014,8,7,6,23,8,34,0
3447,"TAMIL NADU","CUDDALORE",2014,34,25,15,47,1,43,0
3448,"TAMIL NADU","DHARMAPURI",2014,11,27,9,46,7,44,0
3449,"TAMIL NADU","DINDIGUL",2014,20,2,7,35,3,39,0
3450,"TAMIL NADU","ERODE",2014,26,20,7,76,13,67,0
3451,"TAMIL NADU","KANCHIPURAM",2014,22,1,14,45,17,12,0
3452,"TAMIL NADU","KANYAKUMARI",2014,17,19,5,19,0,42,0
3453,"TAMIL NADU","KARUR",2014,9,16,7,11,9,30,0
3454,"TAMIL NADU","KRISHNAGIRI",2014,13,28,13,49,37,31,0
3455,"TAMIL NADU","MADURAI RURAL",2014,28,35,7,59,17,48,0
3456,"TAMIL NADU","MADURAI URBAN",2014,7,15,6,32,32,45,0
3457,"TAMIL NADU","NAGAPATTINAM",2014,16,15,6,48,10,21,0
3458,"TAMIL NADU","NAMAKKAL",2014,0,36,2,42,2,45,0
3459,"TAMIL NADU","NILGIRIS",2014,16,11,2,34,2,8,0
3460,"TAMIL NADU","PERAMBALUR",2014,21,19,5,53,6,25,0
3461,"TAMIL NADU","PUDUKOTTAI",2014,18,31,6,57,10,55,0
3462,"TAMIL NADU","RAMNATHAPURAM",2014,7,16,6,30,6,33,0
3463,"TAMIL NADU","SALEM RURAL",2014,56,110,18,220,0,157,0
3464,"TAMIL NADU","SALEM URBAN",2014,7,13,10,13,13,20,0
3465,"TAMIL NADU","SIVAGANGAI",2014,6,11,12,10,12,32,0
3466,"TAMIL NADU","THANJAVUR",2014,13,47,9,105,7,29,0
3467,"TAMIL NADU","THENI",2014,7,17,5,54,7,21,0
3468,"TAMIL NADU","THIRUNELVELI RURAL",2014,30,28,8,126,4,50,0
3469,"TAMIL NADU","THIRUNELVELI URBAN",2014,6,8,3,9,33,10,0
3470,"TAMIL NADU","THIRUVALLUR",2014,19,23,18,61,20,28,0
3471,"TAMIL NADU","THIRUVANNAMALAI",2014,29,37,7,21,20,56,0
3472,"TAMIL NADU","THIRUVARUR",2014,6,8,5,75,25,19,0
3473,"TAMIL NADU","THOOTHUGUDI",2014,20,12,6,14,108,61,0
3474,"TAMIL NADU","TRICHY RLY.",2014,2,2,1,5,0,4,0
3475,"TAMIL NADU","TRICHY RURAL",2014,23,54,10,14,11,47,0
3476,"TAMIL NADU","TRICHY URBAN",2014,5,7,5,19,76,25,0
3477,"TAMIL NADU","VELLORE",2014,25,25,14,56,0,31,0
3478,"TAMIL NADU","VILUPPURAM",2014,51,53,13,53,9,63,0
3479,"TAMIL NADU","VIRUDHUNAGAR",2014,22,54,5,49,90,95,0
3480,"TAMIL NADU","TOTAL",2014,575,786,217,1768,669,1654,0
4183,"TAMIL NADU","CHENNAI",2015,32,45,35,89,91,215,0
4184,"TAMIL NADU","CHENNAI RLY.",2015,4,2,2,5,7,5,0
4185,"TAMIL NADU","COIMBATORE RURAL",2015,22,22,10,62,29,70,0
4186,"TAMIL NADU","COIMBATORE URBAN",2015,10,6,9,15,13,32,0
4187,"TAMIL NADU","CUDDALORE",2015,23,35,12,31,69,27,0
4188,"TAMIL NADU","DHARMAPURI",2015,12,14,7,37,10,31,0
4189,"TAMIL NADU","DINDIGUL",2015,13,42,6,32,11,46,0
4190,"TAMIL NADU","ERODE",2015,15,17,10,38,5,32,0
4191,"TAMIL NADU","KANCHIPURAM",2015,14,16,16,27,7,26,0
4192,"TAMIL NADU","KANYAKUMARI",2015,6,17,6,24,25,31,0
4193,"TAMIL NADU","KARUR",2015,9,18,0,11,10,24,0
4194,"TAMIL NADU","KRISHNAGIRI",2015,16,29,11,26,14,27,0
4195,"TAMIL NADU","MADURAI RURAL",2015,31,29,6,51,13,42,0
4196,"TAMIL NADU","MADURAI URBAN",2015,12,9,6,15,19,37,0
4197,"TAMIL NADU","NAGAPATTINAM",2015,12,18,9,77,15,12,0
4198,"TAMIL NADU","NAMAKKAL",2015,8,20,2,27,18,22,0
4199,"TAMIL NADU","NILGIRIS",2015,8,6,4,16,10,9,0
4200,"TAMIL NADU","PERAMBALUR",2015,18,16,6,36,5,30,0
4201,"TAMIL NADU","PUDUKOTTAI",2015,11,28,7,49,6,42,0
4202,"TAMIL NADU","RAMNATHAPURAM",2015,16,24,11,24,9,3,0
4203,"TAMIL NADU","SALEM RURAL",2015,25,45,10,74,9,42,0
4204,"TAMIL NADU","SALEM URBAN",2015,10,15,8,7,28,22,0
4205,"TAMIL NADU","SIVAGANGAI",2015,8,18,4,11,22,34,0
4206,"TAMIL NADU","THANJAVUR",2015,11,58,10,84,7,29,0
4207,"TAMIL NADU","THENI",2015,8,28,6,24,19,20,0
4208,"TAMIL NADU","THIRUNELVELI RURAL",2015,44,34,11,88,64,46,0
4209,"TAMIL NADU","THIRUNELVELI URBAN",2015,8,6,5,11,29,28,0
4210,"TAMIL NADU","THIRUVALLUR",2015,14,5,6,32,20,24,0
4211,"TAMIL NADU","THIRUVANNAMALAI",2015,14,18,5,12,29,34,0
4212,"TAMIL NADU","THIRUVARUR",2015,11,19,8,69,21,17,0
4213,"TAMIL NADU","THOOTHUGUDI",2015,17,13,6,7,134,22,0
4214,"TAMIL NADU","TRICHY RLY.",2015,3,0,2,0,5,2,0
4215,"TAMIL NADU","TRICHY RURAL",2015,15,44,8,25,7,55,0
4216,"TAMIL NADU","TRICHY URBAN",2015,6,19,8,6,61,31,0
4217,"TAMIL NADU","VELLORE",2015,29,40,11,51,28,94,0
4218,"TAMIL NADU","VILLUPURAM",2015,41,28,9,54,20,40,0
4219,"TAMIL NADU","VIRUDHUNAGAR",2015,10,27,5,33,74,55,0
4220,"TAMIL NADU","TOTAL",2015,461,720,191,1182,855,1251,0
4926,"TAMIL NADU","CHENNAI",2016,48,63,47,110,129,325,0
4927,"TAMIL NADU","CHENNAI RLY.",2016,0,3,5,6,1,0,0
4928,"TAMIL NADU","COIMBATORE RURAL",2016,19,75,13,123,10,167,0
4929,"TAMIL NADU","COIMBATORE URBAN",2016,13,10,7,14,4,52,0
4930,"TAMIL NADU","CUDDALORE",2016,30,61,7,31,115,53,0
4931,"TAMIL NADU","DHARMAPURI",2016,8,40,8,80,2,48,0
4932,"TAMIL NADU","DINDIGUL",2016,15,51,7,31,17,69,0
4933,"TAMIL NADU","ERODE",2016,22,64,7,66,10,103,0
4934,"TAMIL NADU","KANCHIPURAM",2016,29,20,15,31,21,12,0
4935,"TAMIL NADU","KANYAKUMARI",2016,15,26,10,15,47,73,0
4936,"TAMIL NADU","KARUR",2016,5,14,1,20,6,21,0
4937,"TAMIL NADU","KRISHNAGIRI",2016,13,36,5,46,8,20,0
4938,"TAMIL NADU","MADURAI RURAL",2016,11,33,13,58,34,101,0
4939,"TAMIL NADU","MADURAI URBAN",2016,8,20,13,13,35,78,0
4940,"TAMIL NADU","NAGAPATTINAM",2016,16,30,7,57,7,26,0
4941,"TAMIL NADU","NAMAKKAL",2016,15,29,7,37,12,29,0
4942,"TAMIL NADU","NILGIRIS",2016,10,7,4,15,0,11,0
4943,"TAMIL NADU","PERAMBALUR",2016,28,24,5,68,17,33,0
4944,"TAMIL NADU","PUDUKOTTAI",2016,16,23,8,57,1,40,0
4945,"TAMIL NADU","RAMNATHAPURAM",2016,11,22,6,31,13,10,0
4946,"TAMIL NADU","SALEM RURAL",2016,29,64,9,127,1,72,0
4947,"TAMIL NADU","SALEM URBAN",2016,14,24,6,16,25,45,0
4948,"TAMIL NADU","SIVAGANGAI",2016,6,34,5,6,16,65,0
4949,"TAMIL NADU","THANJAVUR",2016,9,49,11,99,1,48,0
4950,"TAMIL NADU","THENI",2016,7,24,5,46,15,48,0
4951,"TAMIL NADU","THIRUNELVELI RURAL",2016,39,58,7,99,1,108,0
4952,"TAMIL NADU","THIRUNELVELI URBAN",2016,9,10,3,10,30,9,0
4953,"TAMIL NADU","THIRUVALLUR",2016,10,16,7,91,13,18,0
4954,"TAMIL NADU","THIRUVANNAMALAI",2016,18,29,8,28,32,17,0
4955,"TAMIL NADU","THIRUVARUR",2016,11,33,12,25,13,27,0
4956,"TAMIL NADU","THOOTHUGUDI",2016,22,31,6,7,193,65,0
4957,"TAMIL NADU","TRICHY RLY.",2016,0,0,2,5,1,1,0
4958,"TAMIL NADU","TRICHY RURAL",2016,14,23,6,22,2,34,0
4959,"TAMIL NADU","TRICHY URBAN",2016,5,17,5,11,9,35,0
4960,"TAMIL NADU","VELLORE",2016,29,50,11,30,1,79,0
4961,"TAMIL NADU","VILLUPURAM",2016,60,56,7,76,26,85,0
4962,"TAMIL NADU","VIRUDHUNAGAR",2016,11,41,6,43,94,51,0
4963,"TAMIL NADU","TOTAL",2016,525,1100,212,1544,879,1979,0
5680,"TAMIL NADU","CHENNAI",2017,38,34,27,50,71,169,0
5681,"TAMIL NADU","CHENNAI RLY.",2017,0,4,2,9,0,0,0
5682,"TAMIL NADU","CHENNAISUBURBAN",2017,25,28,32,46,46,44,0
5683,"TAMIL NADU","COIMBATORE RURAL",2017,16,50,10,110,12,117,0
5684,"TAMIL NADU","COIMBATORE URBAN",2017,13,11,9,33,9,65,0
5685,"TAMIL NADU","CUDDALORE",2017,20,55,3,33,83,54,0
5686,"TAMIL NADU","DHARMAPURI",2017,15,39,5,139,7,47,0
5687,"TAMIL NADU","DINDIGUL",2017,15,56,5,50,17,101,0
5688,"TAMIL NADU","ERODE",2017,23,47,4,82,19,32,0
5689,"TAMIL NADU","KANCHIPURAM",2017,27,20,10,23,4,12,0
5690,"TAMIL NADU","KANYAKUMARI",2017,11,44,10,31,73,74,0
5691,"TAMIL NADU","KARUR",2017,7,15,7,14,5,17,0
5692,"TAMIL NADU","KRISHNAGIRI",2017,23,39,6,44,7,24,0
5693,"TAMIL NADU","MADURAI RURAL",2017,21,27,13,76,3,77,0
5694,"TAMIL NADU","MADURAI URBAN",2017,7,16,9,15,5,45,0
5695,"TAMIL NADU","NAGAPATTINAM",2017,13,26,8,63,5,10,0
5696,"TAMIL NADU","NAMAKKAL",2017,23,40,7,52,27,29,0
5697,"TAMIL NADU","NILGIRIS",2017,7,6,4,24,2,12,0
5698,"TAMIL NADU","PERAMBALUR",2017,30,32,11,73,12,8,0
5699,"TAMIL NADU","PUDUKOTTAI",2017,8,34,10,47,5,43,0
5700,"TAMIL NADU","RAMNATHAPURAM",2017,10,19,4,38,3,14,0
5701,"TAMIL NADU","SALEM RURAL",2017,38,103,7,219,1,98,0
5702,"TAMIL NADU","SALEM URBAN",2017,24,30,11,18,13,37,0
5703,"TAMIL NADU","SIVAGANGAI",2017,5,38,7,9,19,59,0
5704,"TAMIL NADU","THANJAVUR",2017,10,31,11,112,1,24,0
5705,"TAMIL NADU","THENI",2017,11,35,7,32,9,38,0
5706,"TAMIL NADU","THIRUNELVELI RURAL",2017,44,64,7,119,1,100,0
5707,"TAMIL NADU","THIRUNELVELI URBAN",2017,11,14,4,10,51,10,0
5708,"TAMIL NADU","THIRUVALLUR",2017,21,26,12,21,0,32,0
5709,"TAMIL NADU","THIRUVANNAMALAI",2017,24,38,5,24,50,20,0
5710,"TAMIL NADU","THIRUVARUR",2017,10,14,4,55,4,7,0
5711,"TAMIL NADU","THOOTHUGUDI",2017,14,43,6,6,346,66,0
5712,"TAMIL NADU","TRICHY RLY.",2017,2,2,0,0,1,1,0
5713,"TAMIL NADU","TRICHY RURAL",2017,13,29,8,19,0,31,0
5714,"TAMIL NADU","TRICHY URBAN",2017,6,8,7,10,39,27,0
5715,"TAMIL NADU","VELLORE",2017,25,56,9,27,2,52,0
5716,"TAMIL NADU","VILLUPURAM",2017,60,53,9,72,33,91,0
5717,"TAMIL NADU","VIRUDHUNAGAR",2017,20,45,6,21,79,71,0
5718,"TAMIL NADU","TOTAL",2017,576,1164,211,1707,978,1651,0
6445,"TAMIL NADU","ARIYALUR",2018,25,19,6,43,4,11,0
6446,"TAMIL NADU","CHENNAI",2018,41,40,23,45,13,156,0
6447,"TAMIL NADU","CHENNAI RLY.",2018,1,1,6,8,5,1,0
6448,"TAMIL NADU","CHENNAISUBURBAN",2018,48,21,24,53,69,63,0
6449,"TAMIL NADU","COIMBATORE RURAL",2018,10,28,7,43,16,59,0
6450,"TAMIL NADU","COIMBATORE URBAN",2018,13,11,7,25,5,50,0
6451,"TAMIL NADU","CUDDALORE",2018,24,38,17,35,0,41,0
6452,"TAMIL NADU","DHARMAPURI",2018,10,34,10,59,8,38,0
6453,"TAMIL NADU","DINDIGUL",2018,14,65,3,36,4,91,0
6454,"TAMIL NADU","ERODE",2018,20,41,4,35,12,14,0
6455,"TAMIL NADU","KANCHIPURAM",2018,31,15,12,14,2,26,0
6456,"TAMIL NADU","KANYAKUMARI",2018,13,33,11,25,48,68,0
6457,"TAMIL NADU","KARUR",2018,10,13,5,15,9,16,0
6458,"TAMIL NADU","KRISHNAGIRI",2018,18,34,3,34,7,27,0
6459,"TAMIL NADU","MADURAI RURAL",2018,22,43,13,77,20,84,0
6460,"TAMIL NADU","MADURAI URBAN",2018,5,14,7,11,21,71,0
6461,"TAMIL NADU","NAGAPATTINAM",2018,9,40,7,34,10,29,0
6462,"TAMIL NADU","NAMAKKAL",2018,17,31,3,43,20,19,0
6463,"TAMIL NADU","NILGIRIS",2018,6,8,1,15,1,8,0
6464,"TAMIL NADU","PERAMBALUR",2018,14,15,6,17,5,5,0
6465,"TAMIL NADU","PUDUKOTTAI",2018,8,25,7,23,3,22,0
6466,"TAMIL NADU","RAMNATHAPURAM",2018,13,55,5,25,4,27,0
6467,"TAMIL NADU","SALEM RURAL",2018,35,84,5,93,2,54,0
6468,"TAMIL NADU","SALEM URBAN",2018,23,21,6,15,11,42,0
6469,"TAMIL NADU","SIVAGANGAI",2018,7,25,3,15,13,32,0
6470,"TAMIL NADU","THANJAVUR",2018,7,40,11,62,6,20,0
6471,"TAMIL NADU","THENI",2018,13,43,10,52,32,70,0
6472,"TAMIL NADU","THIRUNELVELI RURAL",2018,48,58,7,95,0,68,0
6473,"TAMIL NADU","THIRUNELVELI URBAN",2018,8,27,5,11,0,10,0
6474,"TAMIL NADU","THIRUVALLUR",2018,14,22,10,19,2,29,0
6475,"TAMIL NADU","THIRUVANNAMALAI",2018,16,22,7,21,1,33,0
6476,"TAMIL NADU","THIRUVARUR",2018,4,18,1,23,2,10,0
6477,"TAMIL NADU","THOOTHUGUDI",2018,22,33,7,6,2,39,0
6478,"TAMIL NADU","TIRUPPUR",2018,14,44,7,50,10,49,0
6479,"TAMIL NADU","TRICHY RLY.",2018,2,2,2,4,0,1,0
6480,"TAMIL NADU","TRICHY RURAL",2018,14,20,10,26,0,29,0
6481,"TAMIL NADU","TRICHY URBAN",2018,9,19,0,13,101,27,0
6482,"TAMIL NADU","VELLORE",2018,22,43,13,23,4,33,0
6483,"TAMIL NADU","VILLUPURAM",2018,65,69,10,81,35,35,0
6484,"TAMIL NADU","VIRUDHUNAGAR",2018,19,45,8,33,91,73,0
6485,"TAMIL NADU","TOTAL",2018,600,1135,198,1246,503,1462,0
7222,"TAMIL NADU","ARIYALUR",2019,22,27,5,67,8,13,0
7223,"TAMIL NADU","CHENNAI",2019,51,33,18,47,26,127,0
7224,"TAMIL NADU","CHENNAI RLY.",2019,1,0,5,4,0,0,0
7225,"TAMIL NADU","CHENNAISUBURBAN",2019,33,20,21,64,90,61,0
7226,"TAMIL NADU","COIMBATORE RURAL",2019,16,56,3,43,0,42,0
7227,"TAMIL NADU","COIMBATORE URBAN",2019,17,12,4,38,5,48,0
7228,"TAMIL NADU","CUDDALORE",2019,30,41,10,10,12,42,0
7229,"TAMIL NADU","DHARMAPURI",2019,18,45,9,46,6,51,0
7230,"TAMIL NADU","DINDIGUL",2019,13,46,5,46,0,110,0
7231,"TAMIL NADU","ERODE",2019,18,42,6,46,5,29,0
7232,"TAMIL NADU","KANCHIPURAM",2019,20,12,4,26,4,15,0
7233,"TAMIL NADU","KANYAKUMARI",2019,15,58,6,13,104,96,0
7234,"TAMIL NADU","KARUR",2019,12,54,7,30,9,14,0
7235,"TAMIL NADU","KRISHNAGIRI",2019,24,57,7,29,0,44,0
7236,"TAMIL NADU","MADURAI RURAL",2019,19,45,17,66,8,81,0
7237,"TAMIL NADU","MADURAI URBAN",2019,5,13,15,14,24,73,0
7238,"TAMIL NADU","NAGAPATTINAM",2019,12,33,4,60,9,6,0
7239,"TAMIL NADU","NAMAKKAL",2019,12,45,4,55,12,15,0
7240,"TAMIL NADU","NILGIRIS",2019,11,10,0,12,16,5,0
7241,"TAMIL NADU","PERAMBALUR",2019,8,12,0,18,14,7,0
7242,"TAMIL NADU","PUDUKOTTAI",2019,9,50,7,46,4,16,0
7243,"TAMIL NADU","RAMNATHAPURAM",2019,19,54,5,18,6,19,0
7244,"TAMIL NADU","SALEM RURAL",2019,56,140,6,168,2,64,0
7245,"TAMIL NADU","SALEM URBAN",2019,23,40,6,28,25,49,0
7246,"TAMIL NADU","SIVAGANGAI",2019,3,34,7,19,4,37,0
7247,"TAMIL NADU","THANJAVUR",2019,9,46,6,77,0,11,0
7248,"TAMIL NADU","THENI",2019,20,82,8,65,67,129,0
7249,"TAMIL NADU","THIRUNELVELI RURAL",2019,50,61,6,91,0,55,0
7250,"TAMIL NADU","THIRUNELVELI URBAN",2019,20,11,0,9,1,7,0
7251,"TAMIL NADU","THIRUVALLUR",2019,21,17,10,13,5,22,0
7252,"TAMIL NADU","THIRUVANNAMALAI",2019,18,41,1,10,1,33,0
7253,"TAMIL NADU","THIRUVARUR",2019,14,20,1,23,2,15,0
7254,"TAMIL NADU","THOOTHUGUDI",2019,34,28,7,7,2,61,0
7255,"TAMIL NADU","TIRUPPUR",2019,12,48,9,27,0,50,0
7256,"TAMIL NADU","TRICHY RLY.",2019,0,1,4,2,0,2,0
7257,"TAMIL NADU","TRICHY RURAL",2019,11,28,9,29,0,39,0
7258,"TAMIL NADU","TRICHY URBAN",2019,8,18,9,13,94,36,0
7259,"TAMIL NADU","VELLORE",2019,34,58,10,31,5,69,0
7260,"TAMIL NADU","VILLUPURAM",2019,53,82,8,83,46,29,0
7261,"TAMIL NADU","VIRUDHUNAGAR",2019,23,62,4,27,103,62,0
7262,"TAMIL NADU","TOTAL",2019,688,1467,168,1409,642,1572,0
8010,"TAMIL NADU","ARIYALUR",2020,20,20,3,51,5,18,0
8011,"TAMIL NADU","CHENNAI",2020,79,44,22,77,125,232,0
8012,"TAMIL NADU","CHENNAI RLY.",2020,0,5,4,9,9,2,0
8013,"TAMIL NADU","COIMBATORE RURAL",2020,7,33,3,47,1,54,0
8014,"TAMIL NADU","COIMBATORE URBAN",2020,11,12,5,35,7,85,0
8015,"TAMIL NADU","CUDDALORE",2020,34,105,19,15,1,59,0
8016,"TAMIL NADU","DHARMAPURI",2020,18,64,0,47,1,57,0
8017,"TAMIL NADU","DINDIGUL",2020,20,52,5,48,2,121,0
8018,"TAMIL NADU","ERODE",2020,13,37,4,39,7,22,0
8019,"TAMIL NADU","KANCHIPURAM",2020,21,25,5,27,6,29,0
8020,"TAMIL NADU","KANYAKUMARI",2020,14,53,7,9,139,94,0
8021,"TAMIL NADU","KARUR",2020,10,58,3,23,5,26,0
8022,"TAMIL NADU","KRISHNAGIRI",2020,14,56,10,35,5,32,0
8023,"TAMIL NADU","MADURAI RURAL",2020,23,90,14,71,7,75,0
8024,"TAMIL NADU","MADURAI URBAN",2020,9,20,9,24,8,73,0
8025,"TAMIL NADU","NAGAPATTINAM",2020,16,34,8,44,29,16,0
8026,"TAMIL NADU","NAMAKKAL",2020,11,57,4,60,15,18,0
8027,"TAMIL NADU","NILGIRIS",2020,9,11,1,11,6,8,0
8028,"TAMIL NADU","PERAMBALUR",2020,10,27,5,20,0,7,0
8029,"TAMIL NADU","PUDUKOTTAI",2020,9,43,1,28,4,22,0
8030,"TAMIL NADU","RAMNATHAPURAM",2020,9,54,5,16,2,12,0
8031,"TAMIL NADU","SALEM RURAL",2020,39,104,6,112,2,55,0
8032,"TAMIL NADU","SALEM URBAN",2020,26,37,6,23,11,41,0
8033,"TAMIL NADU","SIVAGANGAI",2020,7,33,4,36,5,45,0
8034,"TAMIL NADU","THANJAVUR",2020,12,46,3,79,1,15,0
8035,"TAMIL NADU","THENI",2020,24,82,15,43,2,91,0
8036,"TAMIL NADU","THIRUNELVELI RURAL",2020,56,49,10,60,1,122,0
8037,"TAMIL NADU","THIRUNELVELI URBAN",2020,11,17,1,11,2,5,0
8038,"TAMIL NADU","THIRUVALLUR",2020,10,12,10,6,4,16,0
8039,"TAMIL NADU","THIRUVANNAMALAI",2020,26,61,7,14,1,14,0
8040,"TAMIL NADU","THIRUVARUR",2020,7,22,5,11,0,8,0
8041,"TAMIL NADU","THOOTHUGUDI",2020,31,39,6,6,1,43,0
8042,"TAMIL NADU","TIRUPPUR",2020,12,45,12,46,0,92,0
8043,"TAMIL NADU","TRICHY RLY.",2020,2,1,0,5,5,4,0
8044,"TAMIL NADU","TRICHY RURAL",2020,15,56,5,41,0,37,0
8045,"TAMIL NADU","TRICHY URBAN",2020,8,24,5,19,30,30,0
8046,"TAMIL NADU","VELLORE",2020,28,82,9,31,1,47,0
8047,"TAMIL NADU","VILLUPURAM",2020,89,191,10,278,2,143,0
8048,"TAMIL NADU","VIRUDHUNAGAR",2020,21,53,5,28,96,62,0
8049,"TAMIL NADU","TOTAL",2020,679,1747,155,1470,468,1816,0
8812,"TAMIL NADU","ARIYALUR",2021,15,43,4,57,2,16,0
8813,"TAMIL NADU","CHENNAI",2021,97,69,16,92,145,239,0
8814,"TAMIL NADU","CHENNAI RLY.",2021,1,6,2,7,2,4,0
8815,"TAMIL NADU","COIMBATORE RURAL",2021,12,36,4,40,0,51,0
8816,"TAMIL NADU","COIMBATORE URBAN",2021,23,16,0,21,6,116,0
8817,"TAMIL NADU","CUDDALORE",2021,44,126,10,67,1,66,0
8818,"TAMIL NADU","DHARMAPURI",2021,28,97,4,51,4,68,0
8819,"TAMIL NADU","DINDIGUL",2021,19,101,6,36,2,113,0
8820,"TAMIL NADU","ERODE",2021,12,25,5,46,0,30,0
8821,"TAMIL NADU","KANCHIPURAM",2021,22,21,6,20,3,19,0
8822,"TAMIL NADU","KANYAKUMARI",2021,14,36,8,15,0,102,0
8823,"TAMIL NADU","KARUR",2021,7,52,5,28,6,15,0
8824,"TAMIL NADU","KRISHNAGIRI",2021,16,45,4,53,5,36,0
8825,"TAMIL NADU","MADURAI RURAL",2021,33,78,13,78,6,74,0
8826,"TAMIL NADU","MADURAI URBAN",2021,14,55,7,31,12,65,0
8827,"TAMIL NADU","NAGAPATTINAM",2021,14,42,4,38,39,14,0
8828,"TAMIL NADU","NAMAKKAL",2021,14,46,4,41,17,11,0
8829,"TAMIL NADU","NILGIRIS",2021,11,11,3,19,4,11,0
8830,"TAMIL NADU","PERAMBALUR",2021,7,34,2,24,2,10,0
8831,"TAMIL NADU","PUDUKOTTAI",2021,10,31,2,29,4,37,0
8832,"TAMIL NADU","RAMNATHAPURAM",2021,13,38,6,17,5,21,0
8833,"TAMIL NADU","SALEM RURAL",2021,38,78,5,89,0,37,0
8834,"TAMIL NADU","SALEM URBAN",2021,17,22,6,15,16,24,0
8835,"TAMIL NADU","SIVAGANGAI",2021,15,42,7,39,1,61,0
8836,"TAMIL NADU","THANJAVUR",2021,18,47,5,78,2,32,0
8837,"TAMIL NADU","THENI",2021,25,43,9,54,2,67,0
8838,"TAMIL NADU","THIRUNELVELI RURAL",2021,46,47,5,60,0,269,0
8839,"TAMIL NADU","THIRUNELVELI URBAN",2021,5,7,4,8,2,29,0
8840,"TAMIL NADU","THIRUVALLUR",2021,20,15,8,11,4,23,0
8841,"TAMIL NADU","THIRUVANNAMALAI",2021,24,55,5,10,0,40,0
8842,"TAMIL NADU","THIRUVARUR",2021,15,37,5,9,1,20,0
8843,"TAMIL NADU","THOOTHUGUDI",2021,30,37,5,3,0,54,0
8844,"TAMIL NADU","TIRUPPUR",2021,10,42,9,56,1,78,0
8845,"TAMIL NADU","TRICHY RLY.",2021,1,5,2,6,2,4,0
8846,"TAMIL NADU","TRICHY RURAL",2021,18,26,7,37,1,27,0
8847,"TAMIL NADU","TRICHY URBAN",2021,11,16,7,12,43,28,0
8848,"TAMIL NADU","VELLORE",2021,28,70,10,41,1,64,0
8849,"TAMIL NADU","VILLUPURAM",2021,81,192,8,243,0,61,0
8850,"TAMIL NADU","VIRUDHUNAGAR",2021,25,34,5,26,114,50,0
8851,"TAMIL NADU","TOTAL",2021,740,1696,114,1497,386,1968,0
617,"Tamil Nadu","ARIYALUR",2022,13,22,7,26,2,11,0
618,"Tamil Nadu","CHENNAI",2022,85,46,16,57,157,225,0
619,"Tamil Nadu","CHENNAI RLY.",2022,1,2,0,8,0,5,0
620,"Tamil Nadu","COIMBATORE RURAL",2022,15,21,4,43,10,51,0
621,"Tamil Nadu","COIMBATORE URBAN",2022,21,5,3,18,7,50,0
622,"Tamil Nadu","CUDDALORE",2022,38,50,10,11,0,68,0
623,"Tamil Nadu","DHARMAPURI",2022,27,154,4,52,4,67,0
624,"Tamil Nadu","DINDIGUL",2022,15,98,5,49,2,98,0
625,"Tamil Nadu","ERODE",2022,16,29,1,28,1,25,0
626,"Tamil Nadu","KANCHIPURAM",2022,26,12,5,17,2,21,0
627,"Tamil Nadu","KANYAKUMARI",2022,15,33,5,9,0,121,0
628,"Tamil Nadu","KARUR",2022,11,20,2,12,5,15,0
629,"Tamil Nadu","KRISHNAGIRI",2022,10,69,14,52,4,49,0
630,"Tamil Nadu","MADURAI RURAL",2022,37,98,6,75,19,266,0
631,"Tamil Nadu","MADURAI URBAN",2022,19,23,5,26,5,93,0
632,"Tamil Nadu","NAGAPATTINAM",2022,13,23,5,32,26,11,0
633,"Tamil Nadu","NAMAKKAL",2022,25,40,0,61,13,18,0
634,"Tamil Nadu","NILGIRIS",2022,18,11,2,21,5,3,0
635,"Tamil Nadu","PERAMBALUR",2022,11,7,0,16,3,9,0
636,"Tamil Nadu","PUDUKOTTAI",2022,13,51,6,31,2,43,0
637,"Tamil Nadu","RAMNATHAPURAM",2022,12,26,6,26,5,24,0
638,"Tamil Nadu","SALEM RURAL",2022,28,64,8,64,2,51,0
639,"Tamil Nadu","SALEM URBAN",2022,18,20,3,13,11,51,0
640,"Tamil Nadu","SIVAGANGAI",2022,20,30,7,37,1,89,0
641,"Tamil Nadu","THANJAVUR",2022,35,41,2,70,6,49,0
642,"Tamil Nadu","THENI",2022,28,38,7,45,0,64,0
643,"Tamil Nadu","THIRUNELVELI RURAL",2022,76,116,9,84,0,489,0
644,"Tamil Nadu","THIRUNELVELI URBAN",2022,14,8,1,7,0,21,0
645,"Tamil Nadu","THIRUVALLUR",2022,24,26,12,13,2,21,0
646,"Tamil Nadu","THIRUVANNAMALAI",2022,53,48,5,35,4,36,0
647,"Tamil Nadu","THIRUVARUR",2022,19,21,3,9,2,17,0
648,"Tamil Nadu","THOOTHUGUDI",2022,54,27,4,37,4,66,0
649,"Tamil Nadu","TIRUPPUR",2022,22,43,12,42,9,95,0
650,"Tamil Nadu","TRICHY RLY.",2022,1,1,2,6,2,2,0
651,"Tamil Nadu","TRICHY RURAL",2022,25,26,6,43,2,53,0
652,"Tamil Nadu","TRICHY URBAN",2022,13,8,1,22,9,27,0
653,"Tamil Nadu","VELLORE",2022,54,86,11,35,61,42,0
654,"Tamil Nadu","VILLUPURAM",2022,71,158,8,129,1,84,0
655,"Tamil Nadu","VIRUDHUNAGAR",2022,36,27,7,19,0,52,0
656,"Tamil Nadu","ZZ TOTAL",2022,927,1518,121,1273,317,2474,0
612,"Tamil Nadu","Ariyalur",2023,9,16,5,26,2,10,0
613,"Tamil Nadu","Chennai",2023,68,26,12,61,160,305,0
614,"Tamil Nadu","Coimbatore",2023,9,39,2,25,2,50,0
615,"Tamil Nadu","Coimbatore City",2023,9,8,1,12,0,65,0
616,"Tamil Nadu","Cuddalore",2023,16,85,7,5,2,43,0
617,"Tamil Nadu","Dharmapuri",2023,15,138,5,29,2,34,0
618,"Tamil Nadu","Dindigul",2023,19,115,8,33,2,121,0
619,"Tamil Nadu","Erode",2023,2,29,0,22,0,30,0
620,"Tamil Nadu","Kanchipuram",2023,20,17,5,11,5,21,0
621,"Tamil Nadu","Kanyakumari",2023,9,18,5,7,2,59,0
622,"Tamil Nadu","Karur",2023,3,19,4,23,0,11,0
623,"Tamil Nadu","Krishnagiri",2023,17,70,8,36,4,33,0
624,"Tamil Nadu","Madurai",2023,39,170,9,81,14,328,0
625,"Tamil Nadu","Madurai City",2023,8,26,3,24,3,73,0
626,"Tamil Nadu","Nagapattinam",2023,20,41,2,17,30,24,0
627,"Tamil Nadu","Namakkal",2023,1,23,0,50,7,14,0
628,"Tamil Nadu","Nilgiris",2023,8,8,2,14,3,9,0
629,"Tamil Nadu","Perambalur",2023,9,8,4,30,0,17,0
630,"Tamil Nadu","Pudukottai",2023,6,49,4,33,2,48,0
631,"Tamil Nadu","Ramnathapuram",2023,10,32,6,15,1,27,0
632,"Tamil Nadu","Railway Chennai",2023,3,0,0,8,1,2,0
633,"Tamil Nadu","Railway Trichy",2023,0,1,1,1,0,2,0
634,"Tamil Nadu","Salem",2023,9,46,10,50,0,24,0
635,"Tamil Nadu","Salem City",2023,7,17,3,14,24,35,0
636,"Tamil Nadu","Sivagangai",2023,18,41,6,15,2,54,0
637,"Tamil Nadu","Thanjavur",2023,11,28,1,65,2,33,0
638,"Tamil Nadu","Theni",2023,11,49,8,32,0,62,0
639,"Tamil Nadu","Thirunelveli",2023,40,48,8,50,0,150,0
640,"Tamil Nadu","Thirunelveli City",2023,8,7,0,5,0,22,0
641,"Tamil Nadu","Thiruvallur",2023,12,11,8,6,4,18,0
642,"Tamil Nadu","Thiruvannamalai",2023,20,53,9,17,1,39,0
643,"Tamil Nadu","Thiruvarur",2023,5,26,3,6,5,10,0
644,"Tamil Nadu","Thoothukudi",2023,19,14,2,46,1,75,0
645,"Tamil Nadu","Tiruppur",2023,9,54,5,18,1,36,0
646,"Tamil Nadu","Tiruppur City",2023,7,17,0,9,2,26,0
647,"Tamil Nadu","Trichy",2023,10,34,5,53,2,51,0
648,"Tamil Nadu","Trichy City",2023,5,4,2,14,6,29,0
649,"Tamil Nadu","Vellore",2023,16,82,7,46,1,114,0
650,"Tamil Nadu","Villupuram",2023,40,129,9,179,0,83,0
651,"Tamil Nadu","Virudhunagar",2023,17,22,5,27,1,31,0
652,"Tamil Nadu","Cyber Cell",2023,2,1,0,0,0,0,0
653,"Tamil Nadu","Other Units",2023,0,1,0,2,1,1,0
654,"Tamil Nadu","Total District(s)",2023,458,1505,98,1105,233,2107,0
